2026-02-02 19:45:30,792 - httpx - INFO - HTTP Request: POST https://api.telegram.org/bot8250421622:AAH5Sk494L0LJZrTUIniCqxRqq1bOG9-JFg/getMe "HTTP/1.1 200 OK"
2026-02-02 19:45:30,954 - httpx - INFO - HTTP Request: POST https://api.telegram.org/bot8250421622:AAH5Sk494L0LJZrTUIniCqxRqq1bOG9-JFg/deleteWebhook "HTTP/1.1 200 OK"
2026-02-02 19:45:30,962 - apscheduler.scheduler - INFO - Scheduler started
2026-02-02 19:45:30,963 - telegram.ext.Application - INFO - Application started
2026-02-02 19:45:41,448 - httpx - INFO - HTTP Request: POST https://api.telegram.org/bot8250421622:AAH5Sk494L0LJZrTUIniCqxRqq1bOG9-JFg/getUpdates "HTTP/1.1 200 OK"
2026-02-02 19:45:45,266 - httpx - INFO - HTTP Request: POST https://api.telegram.org/bot8250421622:AAH5Sk494L0LJZrTUIniCqxRqq1bOG9-JFg/getUpdates "HTTP/1.1 200 OK"
2026-02-02 19:45:46,408 - httpx - INFO - HTTP Request: POST https://api.telegram.org/bot8250421622:AAH5Sk494L0LJZrTUIniCqxRqq1bOG9-JFg/sendChatAction "HTTP/1.1 200 OK"
2026-02-02 19:45:46,412 - telegram.ext.Application - ERROR - No error handlers are registered, logging exception.
Traceback (most recent call last):
  File "C:\Users\User\AppData\Local\Programs\Python\Python313\Lib\site-packages\telegram\ext\_application.py", line 1315, in process_update
    await coroutine
  File "C:\Users\User\AppData\Local\Programs\Python\Python313\Lib\site-packages\telegram\ext\_handlers\basehandler.py", line 159, in handle_update
    return await self.callback(update, context)
           ^^^^^^^^^^^^^^^^^^^^^^^^^^^^^^^^^^^^
  File "C:\Users\User\Desktop\Eslatma Bot\bot.py", line 445, in start
    user_id = self.db.add_user(user.id, user.username, user.full_name)
              ^^^^^^^
AttributeError: 'SmartAssistantBot' object has no attribute 'db'
2026-02-02 19:45:54,981 - httpx - INFO - HTTP Request: POST https://api.telegram.org/bot8250421622:AAH5Sk494L0LJZrTUIniCqxRqq1bOG9-JFg/getUpdates "HTTP/1.1 200 OK"
2026-02-02 19:45:55,525 - httpx - INFO - HTTP Request: POST https://api.telegram.org/bot8250421622:AAH5Sk494L0LJZrTUIniCqxRqq1bOG9-JFg/sendChatAction "HTTP/1.1 200 OK"
2026-02-02 19:45:55,532 - telegram.ext.Application - ERROR - No error handlers are registered, logging exception.
Traceback (most recent call last):
  File "C:\Users\User\AppData\Local\Programs\Python\Python313\Lib\site-packages\telegram\ext\_application.py", line 1315, in process_update
    await coroutine
  File "C:\Users\User\AppData\Local\Programs\Python\Python313\Lib\site-packages\telegram\ext\_handlers\basehandler.py", line 159, in handle_update
    return await self.callback(update, context)
           ^^^^^^^^^^^^^^^^^^^^^^^^^^^^^^^^^^^^
  File "C:\Users\User\Desktop\Eslatma Bot\bot.py", line 445, in start
    user_id = self.db.add_user(user.id, user.username, user.full_name)
              ^^^^^^^
AttributeError: 'SmartAssistantBot' object has no attribute 'db'
2026-02-02 19:46:05,284 - httpx - INFO - HTTP Request: POST https://api.telegram.org/bot8250421622:AAH5Sk494L0LJZrTUIniCqxRqq1bOG9-JFg/getUpdates "HTTP/1.1 200 OK"
2026-02-02 19:50:02,348 - httpx - INFO - HTTP Request: POST https://api.telegram.org/bot8250421622:AAH5Sk494L0LJZrTUIniCqxRqq1bOG9-JFg/getMe "HTTP/1.1 200 OK"
2026-02-02 19:50:02,655 - httpx - INFO - HTTP Request: POST https://api.telegram.org/bot8250421622:AAH5Sk494L0LJZrTUIniCqxRqq1bOG9-JFg/deleteWebhook "HTTP/1.1 200 OK"
2026-02-02 19:50:02,665 - apscheduler.scheduler - INFO - Scheduler started
2026-02-02 19:50:02,666 - telegram.ext.Application - INFO - Application started
2026-02-02 19:50:06,976 - httpx - INFO - HTTP Request: POST https://api.telegram.org/bot8250421622:AAH5Sk494L0LJZrTUIniCqxRqq1bOG9-JFg/getUpdates "HTTP/1.1 200 OK"
2026-02-02 19:50:07,141 - httpx - INFO - HTTP Request: POST https://api.telegram.org/bot8250421622:AAH5Sk494L0LJZrTUIniCqxRqq1bOG9-JFg/sendChatAction "HTTP/1.1 200 OK"
2026-02-02 19:50:07,145 - telegram.ext.Application - ERROR - No error handlers are registered, logging exception.
Traceback (most recent call last):
  File "C:\Users\User\AppData\Local\Programs\Python\Python313\Lib\site-packages\telegram\ext\_application.py", line 1315, in process_update
    await coroutine
  File "C:\Users\User\AppData\Local\Programs\Python\Python313\Lib\site-packages\telegram\ext\_handlers\basehandler.py", line 159, in handle_update
    return await self.callback(update, context)
           ^^^^^^^^^^^^^^^^^^^^^^^^^^^^^^^^^^^^
  File "C:\Users\User\Desktop\Eslatma Bot\bot.py", line 445, in start
    user_id = self.add_user(user.id, user.username, user.full_name)
              ^^^^^^^^^^^^^
AttributeError: 'SmartAssistantBot' object has no attribute 'add_user'
2026-02-02 19:50:17,135 - httpx - INFO - HTTP Request: POST https://api.telegram.org/bot8250421622:AAH5Sk494L0LJZrTUIniCqxRqq1bOG9-JFg/getUpdates "HTTP/1.1 200 OK"
2026-02-02 19:50:27,292 - httpx - INFO - HTTP Request: POST https://api.telegram.org/bot8250421622:AAH5Sk494L0LJZrTUIniCqxRqq1bOG9-JFg/getUpdates "HTTP/1.1 200 OK"
2026-02-02 19:50:37,452 - httpx - INFO - HTTP Request: POST https://api.telegram.org/bot8250421622:AAH5Sk494L0LJZrTUIniCqxRqq1bOG9-JFg/getUpdates "HTTP/1.1 200 OK"
2026-02-02 19:50:47,626 - httpx - INFO - HTTP Request: POST https://api.telegram.org/bot8250421622:AAH5Sk494L0LJZrTUIniCqxRqq1bOG9-JFg/getUpdates "HTTP/1.1 200 OK"
2026-02-02 19:50:57,775 - httpx - INFO - HTTP Request: POST https://api.telegram.org/bot8250421622:AAH5Sk494L0LJZrTUIniCqxRqq1bOG9-JFg/getUpdates "HTTP/1.1 200 OK"
2026-02-02 19:51:08,086 - httpx - INFO - HTTP Request: POST https://api.telegram.org/bot8250421622:AAH5Sk494L0LJZrTUIniCqxRqq1bOG9-JFg/getUpdates "HTTP/1.1 200 OK"
2026-02-02 19:51:18,432 - httpx - INFO - HTTP Request: POST https://api.telegram.org/bot8250421622:AAH5Sk494L0LJZrTUIniCqxRqq1bOG9-JFg/getUpdates "HTTP/1.1 200 OK"
2026-02-02 19:51:28,588 - httpx - INFO - HTTP Request: POST https://api.telegram.org/bot8250421622:AAH5Sk494L0LJZrTUIniCqxRqq1bOG9-JFg/getUpdates "HTTP/1.1 200 OK"
2026-02-02 19:51:38,771 - httpx - INFO - HTTP Request: POST https://api.telegram.org/bot8250421622:AAH5Sk494L0LJZrTUIniCqxRqq1bOG9-JFg/getUpdates "HTTP/1.1 200 OK"
2026-02-02 19:51:48,922 - httpx - INFO - HTTP Request: POST https://api.telegram.org/bot8250421622:AAH5Sk494L0LJZrTUIniCqxRqq1bOG9-JFg/getUpdates "HTTP/1.1 200 OK"
2026-02-02 19:51:59,237 - httpx - INFO - HTTP Request: POST https://api.telegram.org/bot8250421622:AAH5Sk494L0LJZrTUIniCqxRqq1bOG9-JFg/getUpdates "HTTP/1.1 200 OK"
2026-02-02 19:52:09,411 - httpx - INFO - HTTP Request: POST https://api.telegram.org/bot8250421622:AAH5Sk494L0LJZrTUIniCqxRqq1bOG9-JFg/getUpdates "HTTP/1.1 200 OK"
2026-02-02 19:52:19,726 - httpx - INFO - HTTP Request: POST https://api.telegram.org/bot8250421622:AAH5Sk494L0LJZrTUIniCqxRqq1bOG9-JFg/getUpdates "HTTP/1.1 200 OK"
2026-02-02 19:52:29,965 - httpx - INFO - HTTP Request: POST https://api.telegram.org/bot8250421622:AAH5Sk494L0LJZrTUIniCqxRqq1bOG9-JFg/getUpdates "HTTP/1.1 200 OK"
2026-02-02 19:52:40,249 - httpx - INFO - HTTP Request: POST https://api.telegram.org/bot8250421622:AAH5Sk494L0LJZrTUIniCqxRqq1bOG9-JFg/getUpdates "HTTP/1.1 200 OK"
2026-02-02 19:52:50,429 - httpx - INFO - HTTP Request: POST https://api.telegram.org/bot8250421622:AAH5Sk494L0LJZrTUIniCqxRqq1bOG9-JFg/getUpdates "HTTP/1.1 200 OK"
2026-02-02 19:53:00,852 - httpx - INFO - HTTP Request: POST https://api.telegram.org/bot8250421622:AAH5Sk494L0LJZrTUIniCqxRqq1bOG9-JFg/getUpdates "HTTP/1.1 200 OK"
2026-02-02 19:53:11,034 - httpx - INFO - HTTP Request: POST https://api.telegram.org/bot8250421622:AAH5Sk494L0LJZrTUIniCqxRqq1bOG9-JFg/getUpdates "HTTP/1.1 200 OK"
2026-02-02 19:53:21,310 - httpx - INFO - HTTP Request: POST https://api.telegram.org/bot8250421622:AAH5Sk494L0LJZrTUIniCqxRqq1bOG9-JFg/getUpdates "HTTP/1.1 200 OK"
2026-02-02 19:53:31,455 - httpx - INFO - HTTP Request: POST https://api.telegram.org/bot8250421622:AAH5Sk494L0LJZrTUIniCqxRqq1bOG9-JFg/getUpdates "HTTP/1.1 200 OK"
2026-02-02 19:53:41,731 - httpx - INFO - HTTP Request: POST https://api.telegram.org/bot8250421622:AAH5Sk494L0LJZrTUIniCqxRqq1bOG9-JFg/getUpdates "HTTP/1.1 200 OK"
2026-02-02 19:53:51,931 - httpx - INFO - HTTP Request: POST https://api.telegram.org/bot8250421622:AAH5Sk494L0LJZrTUIniCqxRqq1bOG9-JFg/getUpdates "HTTP/1.1 200 OK"
2026-02-02 19:54:02,169 - httpx - INFO - HTTP Request: POST https://api.telegram.org/bot8250421622:AAH5Sk494L0LJZrTUIniCqxRqq1bOG9-JFg/getUpdates "HTTP/1.1 200 OK"
2026-02-02 19:54:12,365 - httpx - INFO - HTTP Request: POST https://api.telegram.org/bot8250421622:AAH5Sk494L0LJZrTUIniCqxRqq1bOG9-JFg/getUpdates "HTTP/1.1 200 OK"
2026-02-02 19:54:22,549 - httpx - INFO - HTTP Request: POST https://api.telegram.org/bot8250421622:AAH5Sk494L0LJZrTUIniCqxRqq1bOG9-JFg/getUpdates "HTTP/1.1 200 OK"
2026-02-02 19:54:28,360 - asyncio - ERROR - Task was destroyed but it is pending!
task: <Task pending name='Application:8250421622:update_fetcher' coro=<Application._update_fetcher() running at C:\Users\User\AppData\Local\Programs\Python\Python313\Lib\site-packages\telegram\ext\_application.py:1233> wait_for=<Future pending cb=[Task.task_wakeup()]>>
2026-02-02 19:56:23,227 - __main__ - INFO - Database initialized successfully
2026-02-02 19:56:24,711 - httpx - INFO - HTTP Request: POST https://api.telegram.org/bot8250421622:AAH5Sk494L0LJZrTUIniCqxRqq1bOG9-JFg/getMe "HTTP/1.1 200 OK"
2026-02-02 19:56:24,914 - httpx - INFO - HTTP Request: POST https://api.telegram.org/bot8250421622:AAH5Sk494L0LJZrTUIniCqxRqq1bOG9-JFg/deleteWebhook "HTTP/1.1 200 OK"
2026-02-02 19:56:24,922 - apscheduler.scheduler - INFO - Scheduler started
2026-02-02 19:56:24,924 - telegram.ext.Application - INFO - Application started
2026-02-02 19:56:30,487 - httpx - INFO - HTTP Request: POST https://api.telegram.org/bot8250421622:AAH5Sk494L0LJZrTUIniCqxRqq1bOG9-JFg/getUpdates "HTTP/1.1 200 OK"
2026-02-02 19:56:31,369 - httpx - INFO - HTTP Request: POST https://api.telegram.org/bot8250421622:AAH5Sk494L0LJZrTUIniCqxRqq1bOG9-JFg/sendChatAction "HTTP/1.1 200 OK"
2026-02-02 19:56:31,633 - httpx - INFO - HTTP Request: POST https://api.telegram.org/bot8250421622:AAH5Sk494L0LJZrTUIniCqxRqq1bOG9-JFg/sendMessage "HTTP/1.1 200 OK"
2026-02-02 19:56:40,771 - httpx - INFO - HTTP Request: POST https://api.telegram.org/bot8250421622:AAH5Sk494L0LJZrTUIniCqxRqq1bOG9-JFg/getUpdates "HTTP/1.1 200 OK"
2026-02-02 19:56:50,944 - httpx - INFO - HTTP Request: POST https://api.telegram.org/bot8250421622:AAH5Sk494L0LJZrTUIniCqxRqq1bOG9-JFg/getUpdates "HTTP/1.1 200 OK"
2026-02-02 19:56:56,403 - httpx - INFO - HTTP Request: POST https://api.telegram.org/bot8250421622:AAH5Sk494L0LJZrTUIniCqxRqq1bOG9-JFg/getUpdates "HTTP/1.1 200 OK"
2026-02-02 19:56:57,093 - httpx - INFO - HTTP Request: POST https://api.telegram.org/bot8250421622:AAH5Sk494L0LJZrTUIniCqxRqq1bOG9-JFg/sendChatAction "HTTP/1.1 200 OK"
2026-02-02 19:56:57,300 - httpx - INFO - HTTP Request: POST https://api.telegram.org/bot8250421622:AAH5Sk494L0LJZrTUIniCqxRqq1bOG9-JFg/sendMessage "HTTP/1.1 200 OK"
2026-02-02 19:57:06,796 - httpx - INFO - HTTP Request: POST https://api.telegram.org/bot8250421622:AAH5Sk494L0LJZrTUIniCqxRqq1bOG9-JFg/getUpdates "HTTP/1.1 200 OK"
2026-02-02 19:57:17,244 - httpx - INFO - HTTP Request: POST https://api.telegram.org/bot8250421622:AAH5Sk494L0LJZrTUIniCqxRqq1bOG9-JFg/getUpdates "HTTP/1.1 200 OK"
2026-02-02 19:57:27,689 - httpx - INFO - HTTP Request: POST https://api.telegram.org/bot8250421622:AAH5Sk494L0LJZrTUIniCqxRqq1bOG9-JFg/getUpdates "HTTP/1.1 200 OK"
2026-02-02 19:57:37,931 - httpx - INFO - HTTP Request: POST https://api.telegram.org/bot8250421622:AAH5Sk494L0LJZrTUIniCqxRqq1bOG9-JFg/getUpdates "HTTP/1.1 200 OK"
2026-02-02 19:57:45,036 - httpx - INFO - HTTP Request: POST https://api.telegram.org/bot8250421622:AAH5Sk494L0LJZrTUIniCqxRqq1bOG9-JFg/getUpdates "HTTP/1.1 200 OK"
2026-02-02 19:57:45,960 - httpx - INFO - HTTP Request: POST https://api.telegram.org/bot8250421622:AAH5Sk494L0LJZrTUIniCqxRqq1bOG9-JFg/sendMessage "HTTP/1.1 200 OK"
2026-02-02 19:57:55,275 - httpx - INFO - HTTP Request: POST https://api.telegram.org/bot8250421622:AAH5Sk494L0LJZrTUIniCqxRqq1bOG9-JFg/getUpdates "HTTP/1.1 200 OK"
2026-02-02 19:58:05,572 - httpx - INFO - HTTP Request: POST https://api.telegram.org/bot8250421622:AAH5Sk494L0LJZrTUIniCqxRqq1bOG9-JFg/getUpdates "HTTP/1.1 200 OK"
2026-02-02 19:58:15,918 - httpx - INFO - HTTP Request: POST https://api.telegram.org/bot8250421622:AAH5Sk494L0LJZrTUIniCqxRqq1bOG9-JFg/getUpdates "HTTP/1.1 200 OK"
2026-02-02 19:58:26,570 - httpx - INFO - HTTP Request: POST https://api.telegram.org/bot8250421622:AAH5Sk494L0LJZrTUIniCqxRqq1bOG9-JFg/getUpdates "HTTP/1.1 200 OK"
2026-02-02 19:58:36,872 - httpx - INFO - HTTP Request: POST https://api.telegram.org/bot8250421622:AAH5Sk494L0LJZrTUIniCqxRqq1bOG9-JFg/getUpdates "HTTP/1.1 200 OK"
2026-02-02 19:58:47,255 - httpx - INFO - HTTP Request: POST https://api.telegram.org/bot8250421622:AAH5Sk494L0LJZrTUIniCqxRqq1bOG9-JFg/getUpdates "HTTP/1.1 200 OK"
2026-02-02 19:58:52,795 - httpx - INFO - HTTP Request: POST https://api.telegram.org/bot8250421622:AAH5Sk494L0LJZrTUIniCqxRqq1bOG9-JFg/getUpdates "HTTP/1.1 200 OK"
2026-02-02 19:58:53,605 - httpx - INFO - HTTP Request: POST https://api.telegram.org/bot8250421622:AAH5Sk494L0LJZrTUIniCqxRqq1bOG9-JFg/sendChatAction "HTTP/1.1 200 OK"
2026-02-02 19:58:53,951 - httpx - INFO - HTTP Request: POST https://api.telegram.org/bot8250421622:AAH5Sk494L0LJZrTUIniCqxRqq1bOG9-JFg/sendMessage "HTTP/1.1 200 OK"
2026-02-02 19:59:03,035 - httpx - INFO - HTTP Request: POST https://api.telegram.org/bot8250421622:AAH5Sk494L0LJZrTUIniCqxRqq1bOG9-JFg/getUpdates "HTTP/1.1 200 OK"
2026-02-02 19:59:13,773 - httpx - INFO - HTTP Request: POST https://api.telegram.org/bot8250421622:AAH5Sk494L0LJZrTUIniCqxRqq1bOG9-JFg/getUpdates "HTTP/1.1 200 OK"
2026-02-02 19:59:24,429 - httpx - INFO - HTTP Request: POST https://api.telegram.org/bot8250421622:AAH5Sk494L0LJZrTUIniCqxRqq1bOG9-JFg/getUpdates "HTTP/1.1 200 OK"
2026-02-02 19:59:34,767 - httpx - INFO - HTTP Request: POST https://api.telegram.org/bot8250421622:AAH5Sk494L0LJZrTUIniCqxRqq1bOG9-JFg/getUpdates "HTTP/1.1 200 OK"
2026-02-02 19:59:45,317 - httpx - INFO - HTTP Request: POST https://api.telegram.org/bot8250421622:AAH5Sk494L0LJZrTUIniCqxRqq1bOG9-JFg/getUpdates "HTTP/1.1 200 OK"
2026-02-02 19:59:55,762 - httpx - INFO - HTTP Request: POST https://api.telegram.org/bot8250421622:AAH5Sk494L0LJZrTUIniCqxRqq1bOG9-JFg/getUpdates "HTTP/1.1 200 OK"
2026-02-02 20:00:06,692 - httpx - INFO - HTTP Request: POST https://api.telegram.org/bot8250421622:AAH5Sk494L0LJZrTUIniCqxRqq1bOG9-JFg/getUpdates "HTTP/1.1 200 OK"
2026-02-02 20:00:16,956 - httpx - INFO - HTTP Request: POST https://api.telegram.org/bot8250421622:AAH5Sk494L0LJZrTUIniCqxRqq1bOG9-JFg/getUpdates "HTTP/1.1 200 OK"
2026-02-02 20:00:23,811 - httpx - INFO - HTTP Request: POST https://api.telegram.org/bot8250421622:AAH5Sk494L0LJZrTUIniCqxRqq1bOG9-JFg/getUpdates "HTTP/1.1 200 OK"
2026-02-02 20:00:25,011 - httpx - INFO - HTTP Request: POST https://api.telegram.org/bot8250421622:AAH5Sk494L0LJZrTUIniCqxRqq1bOG9-JFg/sendMessage "HTTP/1.1 200 OK"
2026-02-02 20:00:30,268 - httpx - INFO - HTTP Request: POST https://api.telegram.org/bot8250421622:AAH5Sk494L0LJZrTUIniCqxRqq1bOG9-JFg/getUpdates "HTTP/1.1 200 OK"
2026-02-02 20:00:31,397 - httpx - INFO - HTTP Request: POST https://api.telegram.org/bot8250421622:AAH5Sk494L0LJZrTUIniCqxRqq1bOG9-JFg/sendMessage "HTTP/1.1 200 OK"
2026-02-02 20:00:33,863 - httpx - INFO - HTTP Request: POST https://api.telegram.org/bot8250421622:AAH5Sk494L0LJZrTUIniCqxRqq1bOG9-JFg/getUpdates "HTTP/1.1 200 OK"
2026-02-02 20:00:34,832 - httpx - INFO - HTTP Request: POST https://api.telegram.org/bot8250421622:AAH5Sk494L0LJZrTUIniCqxRqq1bOG9-JFg/sendChatAction "HTTP/1.1 200 OK"
2026-02-02 20:00:36,006 - httpx - INFO - HTTP Request: POST https://api.telegram.org/bot8250421622:AAH5Sk494L0LJZrTUIniCqxRqq1bOG9-JFg/sendMessage "HTTP/1.1 200 OK"
2026-02-02 20:00:41,473 - httpx - INFO - HTTP Request: POST https://api.telegram.org/bot8250421622:AAH5Sk494L0LJZrTUIniCqxRqq1bOG9-JFg/getUpdates "HTTP/1.1 200 OK"
2026-02-02 20:00:43,111 - httpx - INFO - HTTP Request: POST https://api.telegram.org/bot8250421622:AAH5Sk494L0LJZrTUIniCqxRqq1bOG9-JFg/sendChatAction "HTTP/1.1 200 OK"
2026-02-02 20:00:43,682 - httpx - INFO - HTTP Request: POST https://api.telegram.org/bot8250421622:AAH5Sk494L0LJZrTUIniCqxRqq1bOG9-JFg/sendMessage "HTTP/1.1 200 OK"
2026-02-02 20:00:52,185 - httpx - INFO - HTTP Request: POST https://api.telegram.org/bot8250421622:AAH5Sk494L0LJZrTUIniCqxRqq1bOG9-JFg/getUpdates "HTTP/1.1 200 OK"
2026-02-02 20:01:02,936 - httpx - INFO - HTTP Request: POST https://api.telegram.org/bot8250421622:AAH5Sk494L0LJZrTUIniCqxRqq1bOG9-JFg/getUpdates "HTTP/1.1 200 OK"
2026-02-02 20:01:12,663 - httpx - INFO - HTTP Request: POST https://api.telegram.org/bot8250421622:AAH5Sk494L0LJZrTUIniCqxRqq1bOG9-JFg/getUpdates "HTTP/1.1 200 OK"
2026-02-02 20:01:14,204 - httpx - INFO - HTTP Request: POST https://api.telegram.org/bot8250421622:AAH5Sk494L0LJZrTUIniCqxRqq1bOG9-JFg/sendMessage "HTTP/1.1 200 OK"
2026-02-02 20:01:16,182 - httpx - INFO - HTTP Request: POST https://api.telegram.org/bot8250421622:AAH5Sk494L0LJZrTUIniCqxRqq1bOG9-JFg/getUpdates "HTTP/1.1 200 OK"
2026-02-02 20:01:17,008 - httpx - INFO - HTTP Request: POST https://api.telegram.org/bot8250421622:AAH5Sk494L0LJZrTUIniCqxRqq1bOG9-JFg/sendMessage "HTTP/1.1 200 OK"
2026-02-02 20:01:24,397 - httpx - INFO - HTTP Request: POST https://api.telegram.org/bot8250421622:AAH5Sk494L0LJZrTUIniCqxRqq1bOG9-JFg/getUpdates "HTTP/1.1 200 OK"
2026-02-02 20:01:26,080 - httpx - INFO - HTTP Request: POST https://api.telegram.org/bot8250421622:AAH5Sk494L0LJZrTUIniCqxRqq1bOG9-JFg/sendChatAction "HTTP/1.1 200 OK"
2026-02-02 20:01:26,587 - httpx - INFO - HTTP Request: POST https://api.telegram.org/bot8250421622:AAH5Sk494L0LJZrTUIniCqxRqq1bOG9-JFg/sendMessage "HTTP/1.1 200 OK"
2026-02-02 20:01:34,788 - httpx - INFO - HTTP Request: POST https://api.telegram.org/bot8250421622:AAH5Sk494L0LJZrTUIniCqxRqq1bOG9-JFg/getUpdates "HTTP/1.1 200 OK"
2026-02-02 20:01:45,334 - httpx - INFO - HTTP Request: POST https://api.telegram.org/bot8250421622:AAH5Sk494L0LJZrTUIniCqxRqq1bOG9-JFg/getUpdates "HTTP/1.1 200 OK"
2026-02-02 20:01:55,777 - httpx - INFO - HTTP Request: POST https://api.telegram.org/bot8250421622:AAH5Sk494L0LJZrTUIniCqxRqq1bOG9-JFg/getUpdates "HTTP/1.1 200 OK"
2026-02-02 20:02:06,018 - httpx - INFO - HTTP Request: POST https://api.telegram.org/bot8250421622:AAH5Sk494L0LJZrTUIniCqxRqq1bOG9-JFg/getUpdates "HTTP/1.1 200 OK"
2026-02-02 20:02:16,296 - httpx - INFO - HTTP Request: POST https://api.telegram.org/bot8250421622:AAH5Sk494L0LJZrTUIniCqxRqq1bOG9-JFg/getUpdates "HTTP/1.1 200 OK"
2026-02-02 20:02:26,621 - httpx - INFO - HTTP Request: POST https://api.telegram.org/bot8250421622:AAH5Sk494L0LJZrTUIniCqxRqq1bOG9-JFg/getUpdates "HTTP/1.1 200 OK"
2026-02-02 20:02:36,776 - httpx - INFO - HTTP Request: POST https://api.telegram.org/bot8250421622:AAH5Sk494L0LJZrTUIniCqxRqq1bOG9-JFg/getUpdates "HTTP/1.1 200 OK"
2026-02-02 20:02:46,933 - httpx - INFO - HTTP Request: POST https://api.telegram.org/bot8250421622:AAH5Sk494L0LJZrTUIniCqxRqq1bOG9-JFg/getUpdates "HTTP/1.1 200 OK"
2026-02-02 20:02:57,075 - httpx - INFO - HTTP Request: POST https://api.telegram.org/bot8250421622:AAH5Sk494L0LJZrTUIniCqxRqq1bOG9-JFg/getUpdates "HTTP/1.1 200 OK"
2026-02-02 20:03:07,292 - httpx - INFO - HTTP Request: POST https://api.telegram.org/bot8250421622:AAH5Sk494L0LJZrTUIniCqxRqq1bOG9-JFg/getUpdates "HTTP/1.1 200 OK"
2026-02-02 20:03:17,453 - httpx - INFO - HTTP Request: POST https://api.telegram.org/bot8250421622:AAH5Sk494L0LJZrTUIniCqxRqq1bOG9-JFg/getUpdates "HTTP/1.1 200 OK"
2026-02-02 20:03:27,716 - httpx - INFO - HTTP Request: POST https://api.telegram.org/bot8250421622:AAH5Sk494L0LJZrTUIniCqxRqq1bOG9-JFg/getUpdates "HTTP/1.1 200 OK"
2026-02-02 20:03:37,973 - httpx - INFO - HTTP Request: POST https://api.telegram.org/bot8250421622:AAH5Sk494L0LJZrTUIniCqxRqq1bOG9-JFg/getUpdates "HTTP/1.1 200 OK"
2026-02-02 20:03:48,115 - httpx - INFO - HTTP Request: POST https://api.telegram.org/bot8250421622:AAH5Sk494L0LJZrTUIniCqxRqq1bOG9-JFg/getUpdates "HTTP/1.1 200 OK"
2026-02-02 20:03:58,352 - httpx - INFO - HTTP Request: POST https://api.telegram.org/bot8250421622:AAH5Sk494L0LJZrTUIniCqxRqq1bOG9-JFg/getUpdates "HTTP/1.1 200 OK"
2026-02-02 20:04:08,504 - httpx - INFO - HTTP Request: POST https://api.telegram.org/bot8250421622:AAH5Sk494L0LJZrTUIniCqxRqq1bOG9-JFg/getUpdates "HTTP/1.1 200 OK"
2026-02-02 20:04:18,745 - httpx - INFO - HTTP Request: POST https://api.telegram.org/bot8250421622:AAH5Sk494L0LJZrTUIniCqxRqq1bOG9-JFg/getUpdates "HTTP/1.1 200 OK"
2026-02-02 20:04:28,912 - httpx - INFO - HTTP Request: POST https://api.telegram.org/bot8250421622:AAH5Sk494L0LJZrTUIniCqxRqq1bOG9-JFg/getUpdates "HTTP/1.1 200 OK"
2026-02-02 20:04:39,146 - httpx - INFO - HTTP Request: POST https://api.telegram.org/bot8250421622:AAH5Sk494L0LJZrTUIniCqxRqq1bOG9-JFg/getUpdates "HTTP/1.1 200 OK"
2026-02-02 20:04:49,312 - httpx - INFO - HTTP Request: POST https://api.telegram.org/bot8250421622:AAH5Sk494L0LJZrTUIniCqxRqq1bOG9-JFg/getUpdates "HTTP/1.1 200 OK"
2026-02-02 20:04:59,458 - httpx - INFO - HTTP Request: POST https://api.telegram.org/bot8250421622:AAH5Sk494L0LJZrTUIniCqxRqq1bOG9-JFg/getUpdates "HTTP/1.1 200 OK"
2026-02-02 20:05:09,620 - httpx - INFO - HTTP Request: POST https://api.telegram.org/bot8250421622:AAH5Sk494L0LJZrTUIniCqxRqq1bOG9-JFg/getUpdates "HTTP/1.1 200 OK"
2026-02-02 20:05:19,964 - httpx - INFO - HTTP Request: POST https://api.telegram.org/bot8250421622:AAH5Sk494L0LJZrTUIniCqxRqq1bOG9-JFg/getUpdates "HTTP/1.1 200 OK"
2026-02-02 20:05:30,225 - httpx - INFO - HTTP Request: POST https://api.telegram.org/bot8250421622:AAH5Sk494L0LJZrTUIniCqxRqq1bOG9-JFg/getUpdates "HTTP/1.1 200 OK"
2026-02-02 20:05:40,377 - httpx - INFO - HTTP Request: POST https://api.telegram.org/bot8250421622:AAH5Sk494L0LJZrTUIniCqxRqq1bOG9-JFg/getUpdates "HTTP/1.1 200 OK"
2026-02-02 20:05:50,661 - httpx - INFO - HTTP Request: POST https://api.telegram.org/bot8250421622:AAH5Sk494L0LJZrTUIniCqxRqq1bOG9-JFg/getUpdates "HTTP/1.1 200 OK"
2026-02-02 20:06:00,822 - httpx - INFO - HTTP Request: POST https://api.telegram.org/bot8250421622:AAH5Sk494L0LJZrTUIniCqxRqq1bOG9-JFg/getUpdates "HTTP/1.1 200 OK"
2026-02-02 20:06:11,000 - httpx - INFO - HTTP Request: POST https://api.telegram.org/bot8250421622:AAH5Sk494L0LJZrTUIniCqxRqq1bOG9-JFg/getUpdates "HTTP/1.1 200 OK"
2026-02-02 20:06:21,160 - httpx - INFO - HTTP Request: POST https://api.telegram.org/bot8250421622:AAH5Sk494L0LJZrTUIniCqxRqq1bOG9-JFg/getUpdates "HTTP/1.1 200 OK"
2026-02-02 20:06:31,366 - httpx - INFO - HTTP Request: POST https://api.telegram.org/bot8250421622:AAH5Sk494L0LJZrTUIniCqxRqq1bOG9-JFg/getUpdates "HTTP/1.1 200 OK"
2026-02-02 20:06:41,885 - httpx - INFO - HTTP Request: POST https://api.telegram.org/bot8250421622:AAH5Sk494L0LJZrTUIniCqxRqq1bOG9-JFg/getUpdates "HTTP/1.1 200 OK"
2026-02-02 20:06:52,123 - httpx - INFO - HTTP Request: POST https://api.telegram.org/bot8250421622:AAH5Sk494L0LJZrTUIniCqxRqq1bOG9-JFg/getUpdates "HTTP/1.1 200 OK"
2026-02-02 20:07:02,318 - httpx - INFO - HTTP Request: POST https://api.telegram.org/bot8250421622:AAH5Sk494L0LJZrTUIniCqxRqq1bOG9-JFg/getUpdates "HTTP/1.1 200 OK"
2026-02-02 20:07:12,635 - httpx - INFO - HTTP Request: POST https://api.telegram.org/bot8250421622:AAH5Sk494L0LJZrTUIniCqxRqq1bOG9-JFg/getUpdates "HTTP/1.1 200 OK"
2026-02-02 20:07:22,846 - httpx - INFO - HTTP Request: POST https://api.telegram.org/bot8250421622:AAH5Sk494L0LJZrTUIniCqxRqq1bOG9-JFg/getUpdates "HTTP/1.1 200 OK"
2026-02-02 20:07:33,126 - httpx - INFO - HTTP Request: POST https://api.telegram.org/bot8250421622:AAH5Sk494L0LJZrTUIniCqxRqq1bOG9-JFg/getUpdates "HTTP/1.1 200 OK"
2026-02-02 20:07:43,428 - httpx - INFO - HTTP Request: POST https://api.telegram.org/bot8250421622:AAH5Sk494L0LJZrTUIniCqxRqq1bOG9-JFg/getUpdates "HTTP/1.1 200 OK"
2026-02-02 20:07:53,810 - httpx - INFO - HTTP Request: POST https://api.telegram.org/bot8250421622:AAH5Sk494L0LJZrTUIniCqxRqq1bOG9-JFg/getUpdates "HTTP/1.1 200 OK"
2026-02-02 20:08:04,113 - httpx - INFO - HTTP Request: POST https://api.telegram.org/bot8250421622:AAH5Sk494L0LJZrTUIniCqxRqq1bOG9-JFg/getUpdates "HTTP/1.1 200 OK"
2026-02-02 20:08:14,393 - httpx - INFO - HTTP Request: POST https://api.telegram.org/bot8250421622:AAH5Sk494L0LJZrTUIniCqxRqq1bOG9-JFg/getUpdates "HTTP/1.1 200 OK"
2026-02-02 20:08:24,693 - httpx - INFO - HTTP Request: POST https://api.telegram.org/bot8250421622:AAH5Sk494L0LJZrTUIniCqxRqq1bOG9-JFg/getUpdates "HTTP/1.1 200 OK"
2026-02-02 20:08:34,937 - httpx - INFO - HTTP Request: POST https://api.telegram.org/bot8250421622:AAH5Sk494L0LJZrTUIniCqxRqq1bOG9-JFg/getUpdates "HTTP/1.1 200 OK"
2026-02-02 20:08:45,108 - httpx - INFO - HTTP Request: POST https://api.telegram.org/bot8250421622:AAH5Sk494L0LJZrTUIniCqxRqq1bOG9-JFg/getUpdates "HTTP/1.1 200 OK"
2026-02-02 20:08:55,618 - httpx - INFO - HTTP Request: POST https://api.telegram.org/bot8250421622:AAH5Sk494L0LJZrTUIniCqxRqq1bOG9-JFg/getUpdates "HTTP/1.1 200 OK"
2026-02-02 20:09:06,062 - httpx - INFO - HTTP Request: POST https://api.telegram.org/bot8250421622:AAH5Sk494L0LJZrTUIniCqxRqq1bOG9-JFg/getUpdates "HTTP/1.1 200 OK"
2026-02-02 20:09:16,310 - httpx - INFO - HTTP Request: POST https://api.telegram.org/bot8250421622:AAH5Sk494L0LJZrTUIniCqxRqq1bOG9-JFg/getUpdates "HTTP/1.1 200 OK"
2026-02-02 20:09:26,460 - httpx - INFO - HTTP Request: POST https://api.telegram.org/bot8250421622:AAH5Sk494L0LJZrTUIniCqxRqq1bOG9-JFg/getUpdates "HTTP/1.1 200 OK"
2026-02-02 20:09:36,657 - httpx - INFO - HTTP Request: POST https://api.telegram.org/bot8250421622:AAH5Sk494L0LJZrTUIniCqxRqq1bOG9-JFg/getUpdates "HTTP/1.1 200 OK"
2026-02-02 20:09:46,808 - httpx - INFO - HTTP Request: POST https://api.telegram.org/bot8250421622:AAH5Sk494L0LJZrTUIniCqxRqq1bOG9-JFg/getUpdates "HTTP/1.1 200 OK"
2026-02-02 20:09:57,020 - httpx - INFO - HTTP Request: POST https://api.telegram.org/bot8250421622:AAH5Sk494L0LJZrTUIniCqxRqq1bOG9-JFg/getUpdates "HTTP/1.1 200 OK"
2026-02-02 20:10:07,208 - httpx - INFO - HTTP Request: POST https://api.telegram.org/bot8250421622:AAH5Sk494L0LJZrTUIniCqxRqq1bOG9-JFg/getUpdates "HTTP/1.1 200 OK"
2026-02-02 20:10:17,370 - httpx - INFO - HTTP Request: POST https://api.telegram.org/bot8250421622:AAH5Sk494L0LJZrTUIniCqxRqq1bOG9-JFg/getUpdates "HTTP/1.1 200 OK"
2026-02-02 20:10:27,511 - httpx - INFO - HTTP Request: POST https://api.telegram.org/bot8250421622:AAH5Sk494L0LJZrTUIniCqxRqq1bOG9-JFg/getUpdates "HTTP/1.1 200 OK"
2026-02-02 20:10:37,668 - httpx - INFO - HTTP Request: POST https://api.telegram.org/bot8250421622:AAH5Sk494L0LJZrTUIniCqxRqq1bOG9-JFg/getUpdates "HTTP/1.1 200 OK"
2026-02-02 20:10:47,877 - httpx - INFO - HTTP Request: POST https://api.telegram.org/bot8250421622:AAH5Sk494L0LJZrTUIniCqxRqq1bOG9-JFg/getUpdates "HTTP/1.1 200 OK"
2026-02-02 20:10:58,221 - httpx - INFO - HTTP Request: POST https://api.telegram.org/bot8250421622:AAH5Sk494L0LJZrTUIniCqxRqq1bOG9-JFg/getUpdates "HTTP/1.1 200 OK"
2026-02-02 20:11:08,384 - httpx - INFO - HTTP Request: POST https://api.telegram.org/bot8250421622:AAH5Sk494L0LJZrTUIniCqxRqq1bOG9-JFg/getUpdates "HTTP/1.1 200 OK"
2026-02-02 20:11:18,614 - httpx - INFO - HTTP Request: POST https://api.telegram.org/bot8250421622:AAH5Sk494L0LJZrTUIniCqxRqq1bOG9-JFg/getUpdates "HTTP/1.1 200 OK"
2026-02-02 20:11:28,775 - httpx - INFO - HTTP Request: POST https://api.telegram.org/bot8250421622:AAH5Sk494L0LJZrTUIniCqxRqq1bOG9-JFg/getUpdates "HTTP/1.1 200 OK"
2026-02-02 20:11:38,926 - httpx - INFO - HTTP Request: POST https://api.telegram.org/bot8250421622:AAH5Sk494L0LJZrTUIniCqxRqq1bOG9-JFg/getUpdates "HTTP/1.1 200 OK"
2026-02-02 20:11:49,194 - httpx - INFO - HTTP Request: POST https://api.telegram.org/bot8250421622:AAH5Sk494L0LJZrTUIniCqxRqq1bOG9-JFg/getUpdates "HTTP/1.1 200 OK"
2026-02-02 20:11:59,397 - httpx - INFO - HTTP Request: POST https://api.telegram.org/bot8250421622:AAH5Sk494L0LJZrTUIniCqxRqq1bOG9-JFg/getUpdates "HTTP/1.1 200 OK"
2026-02-02 20:12:09,576 - httpx - INFO - HTTP Request: POST https://api.telegram.org/bot8250421622:AAH5Sk494L0LJZrTUIniCqxRqq1bOG9-JFg/getUpdates "HTTP/1.1 200 OK"
2026-02-02 20:12:19,722 - httpx - INFO - HTTP Request: POST https://api.telegram.org/bot8250421622:AAH5Sk494L0LJZrTUIniCqxRqq1bOG9-JFg/getUpdates "HTTP/1.1 200 OK"
2026-02-02 20:12:29,871 - httpx - INFO - HTTP Request: POST https://api.telegram.org/bot8250421622:AAH5Sk494L0LJZrTUIniCqxRqq1bOG9-JFg/getUpdates "HTTP/1.1 200 OK"
2026-02-02 20:12:40,189 - httpx - INFO - HTTP Request: POST https://api.telegram.org/bot8250421622:AAH5Sk494L0LJZrTUIniCqxRqq1bOG9-JFg/getUpdates "HTTP/1.1 200 OK"
2026-02-02 20:12:50,333 - httpx - INFO - HTTP Request: POST https://api.telegram.org/bot8250421622:AAH5Sk494L0LJZrTUIniCqxRqq1bOG9-JFg/getUpdates "HTTP/1.1 200 OK"
2026-02-02 20:13:01,089 - httpx - INFO - HTTP Request: POST https://api.telegram.org/bot8250421622:AAH5Sk494L0LJZrTUIniCqxRqq1bOG9-JFg/getUpdates "HTTP/1.1 200 OK"
2026-02-02 20:13:11,240 - httpx - INFO - HTTP Request: POST https://api.telegram.org/bot8250421622:AAH5Sk494L0LJZrTUIniCqxRqq1bOG9-JFg/getUpdates "HTTP/1.1 200 OK"
2026-02-02 20:13:21,560 - httpx - INFO - HTTP Request: POST https://api.telegram.org/bot8250421622:AAH5Sk494L0LJZrTUIniCqxRqq1bOG9-JFg/getUpdates "HTTP/1.1 200 OK"
2026-02-02 20:13:31,720 - httpx - INFO - HTTP Request: POST https://api.telegram.org/bot8250421622:AAH5Sk494L0LJZrTUIniCqxRqq1bOG9-JFg/getUpdates "HTTP/1.1 200 OK"
2026-02-02 20:13:42,038 - httpx - INFO - HTTP Request: POST https://api.telegram.org/bot8250421622:AAH5Sk494L0LJZrTUIniCqxRqq1bOG9-JFg/getUpdates "HTTP/1.1 200 OK"
2026-02-02 20:13:52,225 - httpx - INFO - HTTP Request: POST https://api.telegram.org/bot8250421622:AAH5Sk494L0LJZrTUIniCqxRqq1bOG9-JFg/getUpdates "HTTP/1.1 200 OK"
2026-02-02 20:14:02,380 - httpx - INFO - HTTP Request: POST https://api.telegram.org/bot8250421622:AAH5Sk494L0LJZrTUIniCqxRqq1bOG9-JFg/getUpdates "HTTP/1.1 200 OK"
2026-02-02 20:14:12,554 - httpx - INFO - HTTP Request: POST https://api.telegram.org/bot8250421622:AAH5Sk494L0LJZrTUIniCqxRqq1bOG9-JFg/getUpdates "HTTP/1.1 200 OK"
2026-02-02 20:14:22,740 - httpx - INFO - HTTP Request: POST https://api.telegram.org/bot8250421622:AAH5Sk494L0LJZrTUIniCqxRqq1bOG9-JFg/getUpdates "HTTP/1.1 200 OK"
2026-02-02 20:14:32,884 - httpx - INFO - HTTP Request: POST https://api.telegram.org/bot8250421622:AAH5Sk494L0LJZrTUIniCqxRqq1bOG9-JFg/getUpdates "HTTP/1.1 200 OK"
2026-02-02 20:14:43,039 - httpx - INFO - HTTP Request: POST https://api.telegram.org/bot8250421622:AAH5Sk494L0LJZrTUIniCqxRqq1bOG9-JFg/getUpdates "HTTP/1.1 200 OK"
2026-02-02 20:14:53,200 - httpx - INFO - HTTP Request: POST https://api.telegram.org/bot8250421622:AAH5Sk494L0LJZrTUIniCqxRqq1bOG9-JFg/getUpdates "HTTP/1.1 200 OK"
2026-02-02 20:15:03,360 - httpx - INFO - HTTP Request: POST https://api.telegram.org/bot8250421622:AAH5Sk494L0LJZrTUIniCqxRqq1bOG9-JFg/getUpdates "HTTP/1.1 200 OK"
2026-02-02 20:15:13,533 - httpx - INFO - HTTP Request: POST https://api.telegram.org/bot8250421622:AAH5Sk494L0LJZrTUIniCqxRqq1bOG9-JFg/getUpdates "HTTP/1.1 200 OK"
2026-02-02 20:15:23,761 - httpx - INFO - HTTP Request: POST https://api.telegram.org/bot8250421622:AAH5Sk494L0LJZrTUIniCqxRqq1bOG9-JFg/getUpdates "HTTP/1.1 200 OK"
2026-02-02 20:15:33,920 - httpx - INFO - HTTP Request: POST https://api.telegram.org/bot8250421622:AAH5Sk494L0LJZrTUIniCqxRqq1bOG9-JFg/getUpdates "HTTP/1.1 200 OK"
2026-02-02 20:15:44,148 - httpx - INFO - HTTP Request: POST https://api.telegram.org/bot8250421622:AAH5Sk494L0LJZrTUIniCqxRqq1bOG9-JFg/getUpdates "HTTP/1.1 200 OK"
2026-02-02 20:15:54,300 - httpx - INFO - HTTP Request: POST https://api.telegram.org/bot8250421622:AAH5Sk494L0LJZrTUIniCqxRqq1bOG9-JFg/getUpdates "HTTP/1.1 200 OK"
2026-02-02 20:16:04,518 - httpx - INFO - HTTP Request: POST https://api.telegram.org/bot8250421622:AAH5Sk494L0LJZrTUIniCqxRqq1bOG9-JFg/getUpdates "HTTP/1.1 200 OK"
2026-02-02 20:16:14,686 - httpx - INFO - HTTP Request: POST https://api.telegram.org/bot8250421622:AAH5Sk494L0LJZrTUIniCqxRqq1bOG9-JFg/getUpdates "HTTP/1.1 200 OK"
2026-02-02 20:16:24,941 - httpx - INFO - HTTP Request: POST https://api.telegram.org/bot8250421622:AAH5Sk494L0LJZrTUIniCqxRqq1bOG9-JFg/getUpdates "HTTP/1.1 200 OK"
2026-02-02 20:16:35,239 - httpx - INFO - HTTP Request: POST https://api.telegram.org/bot8250421622:AAH5Sk494L0LJZrTUIniCqxRqq1bOG9-JFg/getUpdates "HTTP/1.1 200 OK"
2026-02-02 20:16:45,398 - httpx - INFO - HTTP Request: POST https://api.telegram.org/bot8250421622:AAH5Sk494L0LJZrTUIniCqxRqq1bOG9-JFg/getUpdates "HTTP/1.1 200 OK"
2026-02-02 20:16:55,563 - httpx - INFO - HTTP Request: POST https://api.telegram.org/bot8250421622:AAH5Sk494L0LJZrTUIniCqxRqq1bOG9-JFg/getUpdates "HTTP/1.1 200 OK"
2026-02-02 20:17:05,816 - httpx - INFO - HTTP Request: POST https://api.telegram.org/bot8250421622:AAH5Sk494L0LJZrTUIniCqxRqq1bOG9-JFg/getUpdates "HTTP/1.1 200 OK"
2026-02-02 20:17:16,023 - httpx - INFO - HTTP Request: POST https://api.telegram.org/bot8250421622:AAH5Sk494L0LJZrTUIniCqxRqq1bOG9-JFg/getUpdates "HTTP/1.1 200 OK"
2026-02-02 20:17:26,337 - httpx - INFO - HTTP Request: POST https://api.telegram.org/bot8250421622:AAH5Sk494L0LJZrTUIniCqxRqq1bOG9-JFg/getUpdates "HTTP/1.1 200 OK"
2026-02-02 20:17:32,006 - __main__ - INFO - Database yaratildi
2026-02-02 20:17:32,692 - __main__ - INFO - Reminder scheduler started
2026-02-02 20:17:32,706 - __main__ - ERROR - Reminder check error: There is no current event loop in thread 'Thread-1 (_check_reminders)'.
2026-02-02 20:17:33,708 - httpx - INFO - HTTP Request: POST https://api.telegram.org/bot8250421622:AAH5Sk494L0LJZrTUIniCqxRqq1bOG9-JFg/getMe "HTTP/1.1 200 OK"
2026-02-02 20:17:33,887 - httpx - INFO - HTTP Request: POST https://api.telegram.org/bot8250421622:AAH5Sk494L0LJZrTUIniCqxRqq1bOG9-JFg/deleteWebhook "HTTP/1.1 200 OK"
2026-02-02 20:17:33,897 - apscheduler.scheduler - INFO - Scheduler started
2026-02-02 20:17:33,898 - telegram.ext.Application - INFO - Application started
2026-02-02 20:17:44,832 - httpx - INFO - HTTP Request: POST https://api.telegram.org/bot8250421622:AAH5Sk494L0LJZrTUIniCqxRqq1bOG9-JFg/getUpdates "HTTP/1.1 200 OK"
2026-02-02 20:17:48,273 - httpx - INFO - HTTP Request: POST https://api.telegram.org/bot8250421622:AAH5Sk494L0LJZrTUIniCqxRqq1bOG9-JFg/getUpdates "HTTP/1.1 200 OK"
2026-02-02 20:17:48,278 - __main__ - ERROR - Foydalanuvchi qo'shishda xato: table users has no column named is_admin
2026-02-02 20:17:49,538 - httpx - INFO - HTTP Request: POST https://api.telegram.org/bot8250421622:AAH5Sk494L0LJZrTUIniCqxRqq1bOG9-JFg/sendMessage "HTTP/1.1 200 OK"
2026-02-02 20:17:59,024 - httpx - INFO - HTTP Request: POST https://api.telegram.org/bot8250421622:AAH5Sk494L0LJZrTUIniCqxRqq1bOG9-JFg/getUpdates "HTTP/1.1 200 OK"
2026-02-02 20:18:09,248 - httpx - INFO - HTTP Request: POST https://api.telegram.org/bot8250421622:AAH5Sk494L0LJZrTUIniCqxRqq1bOG9-JFg/getUpdates "HTTP/1.1 200 OK"
2026-02-02 20:18:19,483 - httpx - INFO - HTTP Request: POST https://api.telegram.org/bot8250421622:AAH5Sk494L0LJZrTUIniCqxRqq1bOG9-JFg/getUpdates "HTTP/1.1 200 OK"
2026-02-02 20:18:29,783 - httpx - INFO - HTTP Request: POST https://api.telegram.org/bot8250421622:AAH5Sk494L0LJZrTUIniCqxRqq1bOG9-JFg/getUpdates "HTTP/1.1 200 OK"
2026-02-02 20:18:32,708 - __main__ - ERROR - Reminder check error: There is no current event loop in thread 'Thread-1 (_check_reminders)'.
2026-02-02 20:18:40,065 - httpx - INFO - HTTP Request: POST https://api.telegram.org/bot8250421622:AAH5Sk494L0LJZrTUIniCqxRqq1bOG9-JFg/getUpdates "HTTP/1.1 200 OK"
2026-02-02 20:18:50,471 - httpx - INFO - HTTP Request: POST https://api.telegram.org/bot8250421622:AAH5Sk494L0LJZrTUIniCqxRqq1bOG9-JFg/getUpdates "HTTP/1.1 200 OK"
2026-02-02 20:18:57,580 - httpx - INFO - HTTP Request: POST https://api.telegram.org/bot8250421622:AAH5Sk494L0LJZrTUIniCqxRqq1bOG9-JFg/getUpdates "HTTP/1.1 200 OK"
2026-02-02 20:18:58,681 - httpx - INFO - HTTP Request: POST https://api.telegram.org/bot8250421622:AAH5Sk494L0LJZrTUIniCqxRqq1bOG9-JFg/sendMessage "HTTP/1.1 200 OK"
2026-02-02 20:19:07,920 - httpx - INFO - HTTP Request: POST https://api.telegram.org/bot8250421622:AAH5Sk494L0LJZrTUIniCqxRqq1bOG9-JFg/getUpdates "HTTP/1.1 200 OK"
2026-02-02 20:19:18,469 - httpx - INFO - HTTP Request: POST https://api.telegram.org/bot8250421622:AAH5Sk494L0LJZrTUIniCqxRqq1bOG9-JFg/getUpdates "HTTP/1.1 200 OK"
2026-02-02 20:19:29,215 - httpx - INFO - HTTP Request: POST https://api.telegram.org/bot8250421622:AAH5Sk494L0LJZrTUIniCqxRqq1bOG9-JFg/getUpdates "HTTP/1.1 200 OK"
2026-02-02 20:19:32,710 - __main__ - ERROR - Reminder check error: There is no current event loop in thread 'Thread-1 (_check_reminders)'.
2026-02-02 20:19:39,627 - httpx - INFO - HTTP Request: POST https://api.telegram.org/bot8250421622:AAH5Sk494L0LJZrTUIniCqxRqq1bOG9-JFg/getUpdates "HTTP/1.1 200 OK"
2026-02-02 20:19:45,529 - httpx - INFO - HTTP Request: POST https://api.telegram.org/bot8250421622:AAH5Sk494L0LJZrTUIniCqxRqq1bOG9-JFg/getUpdates "HTTP/1.1 200 OK"
2026-02-02 20:19:46,385 - httpx - INFO - HTTP Request: POST https://api.telegram.org/bot8250421622:AAH5Sk494L0LJZrTUIniCqxRqq1bOG9-JFg/sendMessage "HTTP/1.1 200 OK"
2026-02-02 20:19:55,980 - httpx - INFO - HTTP Request: POST https://api.telegram.org/bot8250421622:AAH5Sk494L0LJZrTUIniCqxRqq1bOG9-JFg/getUpdates "HTTP/1.1 200 OK"
2026-02-02 20:19:56,424 - httpx - INFO - HTTP Request: POST https://api.telegram.org/bot8250421622:AAH5Sk494L0LJZrTUIniCqxRqq1bOG9-JFg/getUpdates "HTTP/1.1 200 OK"
2026-02-02 20:19:57,217 - httpx - INFO - HTTP Request: POST https://api.telegram.org/bot8250421622:AAH5Sk494L0LJZrTUIniCqxRqq1bOG9-JFg/sendMessage "HTTP/1.1 200 OK"
2026-02-02 20:20:00,982 - httpx - INFO - HTTP Request: POST https://api.telegram.org/bot8250421622:AAH5Sk494L0LJZrTUIniCqxRqq1bOG9-JFg/getUpdates "HTTP/1.1 200 OK"
2026-02-02 20:20:01,437 - httpx - INFO - HTTP Request: POST https://api.telegram.org/bot8250421622:AAH5Sk494L0LJZrTUIniCqxRqq1bOG9-JFg/sendMessage "HTTP/1.1 200 OK"
2026-02-02 20:20:11,368 - httpx - INFO - HTTP Request: POST https://api.telegram.org/bot8250421622:AAH5Sk494L0LJZrTUIniCqxRqq1bOG9-JFg/getUpdates "HTTP/1.1 200 OK"
2026-02-02 20:20:21,032 - httpx - INFO - HTTP Request: POST https://api.telegram.org/bot8250421622:AAH5Sk494L0LJZrTUIniCqxRqq1bOG9-JFg/getUpdates "HTTP/1.1 200 OK"
2026-02-02 20:20:22,874 - httpx - INFO - HTTP Request: POST https://api.telegram.org/bot8250421622:AAH5Sk494L0LJZrTUIniCqxRqq1bOG9-JFg/sendMessage "HTTP/1.1 200 OK"
2026-02-02 20:20:31,538 - httpx - INFO - HTTP Request: POST https://api.telegram.org/bot8250421622:AAH5Sk494L0LJZrTUIniCqxRqq1bOG9-JFg/getUpdates "HTTP/1.1 200 OK"
2026-02-02 20:20:32,712 - __main__ - ERROR - Reminder check error: There is no current event loop in thread 'Thread-1 (_check_reminders)'.
2026-02-02 20:20:37,911 - httpx - INFO - HTTP Request: POST https://api.telegram.org/bot8250421622:AAH5Sk494L0LJZrTUIniCqxRqq1bOG9-JFg/getUpdates "HTTP/1.1 200 OK"
2026-02-02 20:20:37,925 - telegram.ext.Application - ERROR - No error handlers are registered, logging exception.
Traceback (most recent call last):
  File "C:\Users\User\AppData\Local\Programs\Python\Python313\Lib\site-packages\telegram\ext\_application.py", line 1315, in process_update
    await coroutine
  File "C:\Users\User\AppData\Local\Programs\Python\Python313\Lib\site-packages\telegram\ext\_handlers\basehandler.py", line 159, in handle_update
    return await self.callback(update, context)
           ^^^^^^^^^^^^^^^^^^^^^^^^^^^^^^^^^^^^
  File "C:\Users\User\Desktop\Eslatma Bot\bot.py", line 1274, in handle_text_message
    await self.menu(update, context)
  File "C:\Users\User\Desktop\Eslatma Bot\bot.py", line 496, in menu
    is_admin = user_info['is_admin'] if user_info else False
               ~~~~~~~~~^^^^^^^^^^^^
KeyError: 'is_admin'
2026-02-02 20:20:48,539 - httpx - INFO - HTTP Request: POST https://api.telegram.org/bot8250421622:AAH5Sk494L0LJZrTUIniCqxRqq1bOG9-JFg/getUpdates "HTTP/1.1 200 OK"
2026-02-02 20:20:59,082 - httpx - INFO - HTTP Request: POST https://api.telegram.org/bot8250421622:AAH5Sk494L0LJZrTUIniCqxRqq1bOG9-JFg/getUpdates "HTTP/1.1 200 OK"
2026-02-02 20:21:09,338 - httpx - INFO - HTTP Request: POST https://api.telegram.org/bot8250421622:AAH5Sk494L0LJZrTUIniCqxRqq1bOG9-JFg/getUpdates "HTTP/1.1 200 OK"
2026-02-02 20:21:16,598 - httpx - INFO - HTTP Request: POST https://api.telegram.org/bot8250421622:AAH5Sk494L0LJZrTUIniCqxRqq1bOG9-JFg/getUpdates "HTTP/1.1 200 OK"
2026-02-02 20:21:16,612 - telegram.ext.Application - ERROR - No error handlers are registered, logging exception.
Traceback (most recent call last):
  File "C:\Users\User\AppData\Local\Programs\Python\Python313\Lib\site-packages\telegram\ext\_application.py", line 1315, in process_update
    await coroutine
  File "C:\Users\User\AppData\Local\Programs\Python\Python313\Lib\site-packages\telegram\ext\_handlers\basehandler.py", line 159, in handle_update
    return await self.callback(update, context)
           ^^^^^^^^^^^^^^^^^^^^^^^^^^^^^^^^^^^^
  File "C:\Users\User\Desktop\Eslatma Bot\bot.py", line 1274, in handle_text_message
    await self.menu(update, context)
  File "C:\Users\User\Desktop\Eslatma Bot\bot.py", line 496, in menu
    is_admin = user_info['is_admin'] if user_info else False
               ~~~~~~~~~^^^^^^^^^^^^
KeyError: 'is_admin'
2026-02-02 20:21:24,483 - httpx - INFO - HTTP Request: POST https://api.telegram.org/bot8250421622:AAH5Sk494L0LJZrTUIniCqxRqq1bOG9-JFg/getUpdates "HTTP/1.1 200 OK"
2026-02-02 20:21:24,489 - __main__ - ERROR - Foydalanuvchi qo'shishda xato: table users has no column named is_admin
2026-02-02 20:21:25,199 - httpx - INFO - HTTP Request: POST https://api.telegram.org/bot8250421622:AAH5Sk494L0LJZrTUIniCqxRqq1bOG9-JFg/sendMessage "HTTP/1.1 200 OK"
2026-02-02 20:21:32,715 - __main__ - ERROR - Reminder check error: There is no current event loop in thread 'Thread-1 (_check_reminders)'.
2026-02-02 20:21:33,293 - httpx - INFO - HTTP Request: POST https://api.telegram.org/bot8250421622:AAH5Sk494L0LJZrTUIniCqxRqq1bOG9-JFg/getUpdates "HTTP/1.1 200 OK"
2026-02-02 20:21:34,154 - httpx - INFO - HTTP Request: POST https://api.telegram.org/bot8250421622:AAH5Sk494L0LJZrTUIniCqxRqq1bOG9-JFg/sendMessage "HTTP/1.1 200 OK"
2026-02-02 20:21:43,628 - httpx - INFO - HTTP Request: POST https://api.telegram.org/bot8250421622:AAH5Sk494L0LJZrTUIniCqxRqq1bOG9-JFg/getUpdates "HTTP/1.1 200 OK"
2026-02-03 15:33:28,820 - __main__ - INFO - Database yaratildi
2026-02-03 15:33:29,919 - __main__ - INFO - Reminder scheduler started
2026-02-03 15:33:29,932 - __main__ - ERROR - Reminder check error: There is no current event loop in thread 'Thread-1 (_check_reminders)'.
2026-02-03 15:33:31,011 - httpx - INFO - HTTP Request: POST https://api.telegram.org/bot8250421622:AAH5Sk494L0LJZrTUIniCqxRqq1bOG9-JFg/getMe "HTTP/1.1 200 OK"
2026-02-03 15:33:31,150 - httpx - INFO - HTTP Request: POST https://api.telegram.org/bot8250421622:AAH5Sk494L0LJZrTUIniCqxRqq1bOG9-JFg/deleteWebhook "HTTP/1.1 200 OK"
2026-02-03 15:33:31,158 - apscheduler.scheduler - INFO - Scheduler started
2026-02-03 15:33:31,160 - telegram.ext.Application - INFO - Application started
2026-02-03 15:33:41,659 - httpx - INFO - HTTP Request: POST https://api.telegram.org/bot8250421622:AAH5Sk494L0LJZrTUIniCqxRqq1bOG9-JFg/getUpdates "HTTP/1.1 200 OK"
2026-02-03 15:33:52,000 - httpx - INFO - HTTP Request: POST https://api.telegram.org/bot8250421622:AAH5Sk494L0LJZrTUIniCqxRqq1bOG9-JFg/getUpdates "HTTP/1.1 200 OK"
2026-02-03 15:34:02,179 - httpx - INFO - HTTP Request: POST https://api.telegram.org/bot8250421622:AAH5Sk494L0LJZrTUIniCqxRqq1bOG9-JFg/getUpdates "HTTP/1.1 200 OK"
2026-02-03 15:34:12,474 - httpx - INFO - HTTP Request: POST https://api.telegram.org/bot8250421622:AAH5Sk494L0LJZrTUIniCqxRqq1bOG9-JFg/getUpdates "HTTP/1.1 200 OK"
2026-02-03 15:34:17,221 - httpx - INFO - HTTP Request: POST https://api.telegram.org/bot8250421622:AAH5Sk494L0LJZrTUIniCqxRqq1bOG9-JFg/getUpdates "HTTP/1.1 200 OK"
2026-02-03 15:34:17,236 - telegram.ext.Application - ERROR - No error handlers are registered, logging exception.
Traceback (most recent call last):
  File "C:\Users\User\AppData\Local\Programs\Python\Python313\Lib\site-packages\telegram\ext\_application.py", line 1315, in process_update
    await coroutine
  File "C:\Users\User\AppData\Local\Programs\Python\Python313\Lib\site-packages\telegram\ext\_handlers\basehandler.py", line 159, in handle_update
    return await self.callback(update, context)
           ^^^^^^^^^^^^^^^^^^^^^^^^^^^^^^^^^^^^
  File "C:\Users\User\Desktop\Eslatma Bot\bot.py", line 1274, in handle_text_message
    await self.menu(update, context)
  File "C:\Users\User\Desktop\Eslatma Bot\bot.py", line 496, in menu
    is_admin = user_info['is_admin'] if user_info else False
               ~~~~~~~~~^^^^^^^^^^^^
KeyError: 'is_admin'
2026-02-03 15:34:27,733 - httpx - INFO - HTTP Request: POST https://api.telegram.org/bot8250421622:AAH5Sk494L0LJZrTUIniCqxRqq1bOG9-JFg/getUpdates "HTTP/1.1 200 OK"
2026-02-03 15:34:29,935 - __main__ - ERROR - Reminder check error: There is no current event loop in thread 'Thread-1 (_check_reminders)'.
2026-02-03 15:34:31,558 - httpx - INFO - HTTP Request: POST https://api.telegram.org/bot8250421622:AAH5Sk494L0LJZrTUIniCqxRqq1bOG9-JFg/getUpdates "HTTP/1.1 200 OK"
2026-02-03 15:34:31,573 - telegram.ext.Application - ERROR - No error handlers are registered, logging exception.
Traceback (most recent call last):
  File "C:\Users\User\AppData\Local\Programs\Python\Python313\Lib\site-packages\telegram\ext\_application.py", line 1315, in process_update
    await coroutine
  File "C:\Users\User\AppData\Local\Programs\Python\Python313\Lib\site-packages\telegram\ext\_handlers\basehandler.py", line 159, in handle_update
    return await self.callback(update, context)
           ^^^^^^^^^^^^^^^^^^^^^^^^^^^^^^^^^^^^
  File "C:\Users\User\Desktop\Eslatma Bot\bot.py", line 1274, in handle_text_message
    await self.menu(update, context)
  File "C:\Users\User\Desktop\Eslatma Bot\bot.py", line 496, in menu
    is_admin = user_info['is_admin'] if user_info else False
               ~~~~~~~~~^^^^^^^^^^^^
KeyError: 'is_admin'
2026-02-03 15:34:42,165 - httpx - INFO - HTTP Request: POST https://api.telegram.org/bot8250421622:AAH5Sk494L0LJZrTUIniCqxRqq1bOG9-JFg/getUpdates "HTTP/1.1 200 OK"
2026-02-03 15:34:44,274 - httpx - INFO - HTTP Request: POST https://api.telegram.org/bot8250421622:AAH5Sk494L0LJZrTUIniCqxRqq1bOG9-JFg/getUpdates "HTTP/1.1 200 OK"
2026-02-03 15:34:45,611 - httpx - INFO - HTTP Request: POST https://api.telegram.org/bot8250421622:AAH5Sk494L0LJZrTUIniCqxRqq1bOG9-JFg/sendMessage "HTTP/1.1 200 OK"
2026-02-03 15:34:52,997 - httpx - INFO - HTTP Request: POST https://api.telegram.org/bot8250421622:AAH5Sk494L0LJZrTUIniCqxRqq1bOG9-JFg/getUpdates "HTTP/1.1 200 OK"
2026-02-03 15:34:53,010 - telegram.ext.Application - ERROR - No error handlers are registered, logging exception.
Traceback (most recent call last):
  File "C:\Users\User\AppData\Local\Programs\Python\Python313\Lib\site-packages\telegram\ext\_application.py", line 1315, in process_update
    await coroutine
  File "C:\Users\User\AppData\Local\Programs\Python\Python313\Lib\site-packages\telegram\ext\_handlers\basehandler.py", line 159, in handle_update
    return await self.callback(update, context)
           ^^^^^^^^^^^^^^^^^^^^^^^^^^^^^^^^^^^^
  File "C:\Users\User\Desktop\Eslatma Bot\bot.py", line 1274, in handle_text_message
    await self.menu(update, context)
  File "C:\Users\User\Desktop\Eslatma Bot\bot.py", line 496, in menu
    is_admin = user_info['is_admin'] if user_info else False
               ~~~~~~~~~^^^^^^^^^^^^
KeyError: 'is_admin'
2026-02-03 15:35:03,128 - httpx - INFO - HTTP Request: POST https://api.telegram.org/bot8250421622:AAH5Sk494L0LJZrTUIniCqxRqq1bOG9-JFg/getUpdates "HTTP/1.1 200 OK"
2026-02-03 15:35:13,347 - httpx - INFO - HTTP Request: POST https://api.telegram.org/bot8250421622:AAH5Sk494L0LJZrTUIniCqxRqq1bOG9-JFg/getUpdates "HTTP/1.1 200 OK"
2026-02-03 15:35:23,547 - httpx - INFO - HTTP Request: POST https://api.telegram.org/bot8250421622:AAH5Sk494L0LJZrTUIniCqxRqq1bOG9-JFg/getUpdates "HTTP/1.1 200 OK"
2026-02-03 15:35:29,938 - __main__ - ERROR - Reminder check error: There is no current event loop in thread 'Thread-1 (_check_reminders)'.
2026-02-03 15:35:33,687 - httpx - INFO - HTTP Request: POST https://api.telegram.org/bot8250421622:AAH5Sk494L0LJZrTUIniCqxRqq1bOG9-JFg/getUpdates "HTTP/1.1 200 OK"
2026-02-03 15:35:43,826 - httpx - INFO - HTTP Request: POST https://api.telegram.org/bot8250421622:AAH5Sk494L0LJZrTUIniCqxRqq1bOG9-JFg/getUpdates "HTTP/1.1 200 OK"
2026-02-03 15:35:54,000 - httpx - INFO - HTTP Request: POST https://api.telegram.org/bot8250421622:AAH5Sk494L0LJZrTUIniCqxRqq1bOG9-JFg/getUpdates "HTTP/1.1 200 OK"
2026-02-03 15:36:04,241 - httpx - INFO - HTTP Request: POST https://api.telegram.org/bot8250421622:AAH5Sk494L0LJZrTUIniCqxRqq1bOG9-JFg/getUpdates "HTTP/1.1 200 OK"
2026-02-03 15:36:14,371 - httpx - INFO - HTTP Request: POST https://api.telegram.org/bot8250421622:AAH5Sk494L0LJZrTUIniCqxRqq1bOG9-JFg/getUpdates "HTTP/1.1 200 OK"
2026-02-03 15:36:24,721 - httpx - INFO - HTTP Request: POST https://api.telegram.org/bot8250421622:AAH5Sk494L0LJZrTUIniCqxRqq1bOG9-JFg/getUpdates "HTTP/1.1 200 OK"
2026-02-03 15:36:29,940 - __main__ - ERROR - Reminder check error: There is no current event loop in thread 'Thread-1 (_check_reminders)'.
2026-02-03 15:36:34,859 - httpx - INFO - HTTP Request: POST https://api.telegram.org/bot8250421622:AAH5Sk494L0LJZrTUIniCqxRqq1bOG9-JFg/getUpdates "HTTP/1.1 200 OK"
2026-02-03 15:36:44,968 - httpx - INFO - HTTP Request: POST https://api.telegram.org/bot8250421622:AAH5Sk494L0LJZrTUIniCqxRqq1bOG9-JFg/getUpdates "HTTP/1.1 200 OK"
2026-02-03 15:36:55,259 - httpx - INFO - HTTP Request: POST https://api.telegram.org/bot8250421622:AAH5Sk494L0LJZrTUIniCqxRqq1bOG9-JFg/getUpdates "HTTP/1.1 200 OK"
2026-02-03 15:37:05,431 - httpx - INFO - HTTP Request: POST https://api.telegram.org/bot8250421622:AAH5Sk494L0LJZrTUIniCqxRqq1bOG9-JFg/getUpdates "HTTP/1.1 200 OK"
2026-02-03 15:37:15,579 - httpx - INFO - HTTP Request: POST https://api.telegram.org/bot8250421622:AAH5Sk494L0LJZrTUIniCqxRqq1bOG9-JFg/getUpdates "HTTP/1.1 200 OK"
2026-02-03 15:37:25,709 - httpx - INFO - HTTP Request: POST https://api.telegram.org/bot8250421622:AAH5Sk494L0LJZrTUIniCqxRqq1bOG9-JFg/getUpdates "HTTP/1.1 200 OK"
2026-02-03 15:37:29,942 - __main__ - ERROR - Reminder check error: There is no current event loop in thread 'Thread-1 (_check_reminders)'.
2026-02-03 15:37:36,058 - httpx - INFO - HTTP Request: POST https://api.telegram.org/bot8250421622:AAH5Sk494L0LJZrTUIniCqxRqq1bOG9-JFg/getUpdates "HTTP/1.1 200 OK"
2026-02-03 15:37:46,402 - httpx - INFO - HTTP Request: POST https://api.telegram.org/bot8250421622:AAH5Sk494L0LJZrTUIniCqxRqq1bOG9-JFg/getUpdates "HTTP/1.1 200 OK"
2026-02-03 15:37:56,658 - httpx - INFO - HTTP Request: POST https://api.telegram.org/bot8250421622:AAH5Sk494L0LJZrTUIniCqxRqq1bOG9-JFg/getUpdates "HTTP/1.1 200 OK"
2026-02-03 15:38:06,778 - httpx - INFO - HTTP Request: POST https://api.telegram.org/bot8250421622:AAH5Sk494L0LJZrTUIniCqxRqq1bOG9-JFg/getUpdates "HTTP/1.1 200 OK"
2026-02-03 15:38:17,016 - httpx - INFO - HTTP Request: POST https://api.telegram.org/bot8250421622:AAH5Sk494L0LJZrTUIniCqxRqq1bOG9-JFg/getUpdates "HTTP/1.1 200 OK"
2026-02-03 15:38:27,290 - httpx - INFO - HTTP Request: POST https://api.telegram.org/bot8250421622:AAH5Sk494L0LJZrTUIniCqxRqq1bOG9-JFg/getUpdates "HTTP/1.1 200 OK"
2026-02-03 15:38:29,946 - __main__ - ERROR - Reminder check error: There is no current event loop in thread 'Thread-1 (_check_reminders)'.
2026-02-03 15:38:37,436 - httpx - INFO - HTTP Request: POST https://api.telegram.org/bot8250421622:AAH5Sk494L0LJZrTUIniCqxRqq1bOG9-JFg/getUpdates "HTTP/1.1 200 OK"
2026-02-03 15:38:47,737 - httpx - INFO - HTTP Request: POST https://api.telegram.org/bot8250421622:AAH5Sk494L0LJZrTUIniCqxRqq1bOG9-JFg/getUpdates "HTTP/1.1 200 OK"
2026-02-03 15:38:57,879 - httpx - INFO - HTTP Request: POST https://api.telegram.org/bot8250421622:AAH5Sk494L0LJZrTUIniCqxRqq1bOG9-JFg/getUpdates "HTTP/1.1 200 OK"
2026-02-03 15:39:08,014 - httpx - INFO - HTTP Request: POST https://api.telegram.org/bot8250421622:AAH5Sk494L0LJZrTUIniCqxRqq1bOG9-JFg/getUpdates "HTTP/1.1 200 OK"
2026-02-03 15:39:18,152 - httpx - INFO - HTTP Request: POST https://api.telegram.org/bot8250421622:AAH5Sk494L0LJZrTUIniCqxRqq1bOG9-JFg/getUpdates "HTTP/1.1 200 OK"
2026-02-03 15:39:28,396 - httpx - INFO - HTTP Request: POST https://api.telegram.org/bot8250421622:AAH5Sk494L0LJZrTUIniCqxRqq1bOG9-JFg/getUpdates "HTTP/1.1 200 OK"
2026-02-03 15:39:29,948 - __main__ - ERROR - Reminder check error: There is no current event loop in thread 'Thread-1 (_check_reminders)'.
2026-02-03 15:39:38,630 - httpx - INFO - HTTP Request: POST https://api.telegram.org/bot8250421622:AAH5Sk494L0LJZrTUIniCqxRqq1bOG9-JFg/getUpdates "HTTP/1.1 200 OK"
2026-02-03 15:39:48,762 - httpx - INFO - HTTP Request: POST https://api.telegram.org/bot8250421622:AAH5Sk494L0LJZrTUIniCqxRqq1bOG9-JFg/getUpdates "HTTP/1.1 200 OK"
2026-02-03 15:39:59,011 - httpx - INFO - HTTP Request: POST https://api.telegram.org/bot8250421622:AAH5Sk494L0LJZrTUIniCqxRqq1bOG9-JFg/getUpdates "HTTP/1.1 200 OK"
2026-02-03 15:40:09,351 - httpx - INFO - HTTP Request: POST https://api.telegram.org/bot8250421622:AAH5Sk494L0LJZrTUIniCqxRqq1bOG9-JFg/getUpdates "HTTP/1.1 200 OK"
2026-02-03 15:40:19,591 - httpx - INFO - HTTP Request: POST https://api.telegram.org/bot8250421622:AAH5Sk494L0LJZrTUIniCqxRqq1bOG9-JFg/getUpdates "HTTP/1.1 200 OK"
2026-02-03 15:40:29,831 - httpx - INFO - HTTP Request: POST https://api.telegram.org/bot8250421622:AAH5Sk494L0LJZrTUIniCqxRqq1bOG9-JFg/getUpdates "HTTP/1.1 200 OK"
2026-02-03 15:40:29,951 - __main__ - ERROR - Reminder check error: There is no current event loop in thread 'Thread-1 (_check_reminders)'.
2026-02-03 15:40:39,972 - httpx - INFO - HTTP Request: POST https://api.telegram.org/bot8250421622:AAH5Sk494L0LJZrTUIniCqxRqq1bOG9-JFg/getUpdates "HTTP/1.1 200 OK"
2026-02-03 15:40:50,209 - httpx - INFO - HTTP Request: POST https://api.telegram.org/bot8250421622:AAH5Sk494L0LJZrTUIniCqxRqq1bOG9-JFg/getUpdates "HTTP/1.1 200 OK"
2026-02-03 15:41:00,386 - httpx - INFO - HTTP Request: POST https://api.telegram.org/bot8250421622:AAH5Sk494L0LJZrTUIniCqxRqq1bOG9-JFg/getUpdates "HTTP/1.1 200 OK"
2026-02-03 15:41:10,691 - httpx - INFO - HTTP Request: POST https://api.telegram.org/bot8250421622:AAH5Sk494L0LJZrTUIniCqxRqq1bOG9-JFg/getUpdates "HTTP/1.1 200 OK"
2026-02-03 15:41:21,133 - httpx - INFO - HTTP Request: POST https://api.telegram.org/bot8250421622:AAH5Sk494L0LJZrTUIniCqxRqq1bOG9-JFg/getUpdates "HTTP/1.1 200 OK"
2026-02-03 15:41:29,953 - __main__ - ERROR - Reminder check error: There is no current event loop in thread 'Thread-1 (_check_reminders)'.
2026-02-03 15:41:31,350 - httpx - INFO - HTTP Request: POST https://api.telegram.org/bot8250421622:AAH5Sk494L0LJZrTUIniCqxRqq1bOG9-JFg/getUpdates "HTTP/1.1 200 OK"
2026-02-03 15:41:41,609 - httpx - INFO - HTTP Request: POST https://api.telegram.org/bot8250421622:AAH5Sk494L0LJZrTUIniCqxRqq1bOG9-JFg/getUpdates "HTTP/1.1 200 OK"
2026-02-03 15:41:51,856 - httpx - INFO - HTTP Request: POST https://api.telegram.org/bot8250421622:AAH5Sk494L0LJZrTUIniCqxRqq1bOG9-JFg/getUpdates "HTTP/1.1 200 OK"
2026-02-03 15:42:02,095 - httpx - INFO - HTTP Request: POST https://api.telegram.org/bot8250421622:AAH5Sk494L0LJZrTUIniCqxRqq1bOG9-JFg/getUpdates "HTTP/1.1 200 OK"
2026-02-03 15:42:12,335 - httpx - INFO - HTTP Request: POST https://api.telegram.org/bot8250421622:AAH5Sk494L0LJZrTUIniCqxRqq1bOG9-JFg/getUpdates "HTTP/1.1 200 OK"
2026-02-03 15:42:22,532 - httpx - INFO - HTTP Request: POST https://api.telegram.org/bot8250421622:AAH5Sk494L0LJZrTUIniCqxRqq1bOG9-JFg/getUpdates "HTTP/1.1 200 OK"
2026-02-03 15:42:29,955 - __main__ - ERROR - Reminder check error: There is no current event loop in thread 'Thread-1 (_check_reminders)'.
2026-02-03 15:42:32,641 - httpx - INFO - HTTP Request: POST https://api.telegram.org/bot8250421622:AAH5Sk494L0LJZrTUIniCqxRqq1bOG9-JFg/getUpdates "HTTP/1.1 200 OK"
2026-02-03 15:42:42,812 - httpx - INFO - HTTP Request: POST https://api.telegram.org/bot8250421622:AAH5Sk494L0LJZrTUIniCqxRqq1bOG9-JFg/getUpdates "HTTP/1.1 200 OK"
2026-02-03 15:42:53,013 - httpx - INFO - HTTP Request: POST https://api.telegram.org/bot8250421622:AAH5Sk494L0LJZrTUIniCqxRqq1bOG9-JFg/getUpdates "HTTP/1.1 200 OK"
2026-02-03 15:43:03,175 - httpx - INFO - HTTP Request: POST https://api.telegram.org/bot8250421622:AAH5Sk494L0LJZrTUIniCqxRqq1bOG9-JFg/getUpdates "HTTP/1.1 200 OK"
2026-02-03 15:43:13,387 - httpx - INFO - HTTP Request: POST https://api.telegram.org/bot8250421622:AAH5Sk494L0LJZrTUIniCqxRqq1bOG9-JFg/getUpdates "HTTP/1.1 200 OK"
2026-02-03 15:43:23,508 - httpx - INFO - HTTP Request: POST https://api.telegram.org/bot8250421622:AAH5Sk494L0LJZrTUIniCqxRqq1bOG9-JFg/getUpdates "HTTP/1.1 200 OK"
2026-02-03 15:43:29,958 - __main__ - ERROR - Reminder check error: There is no current event loop in thread 'Thread-1 (_check_reminders)'.
2026-02-03 15:43:34,316 - httpx - INFO - HTTP Request: POST https://api.telegram.org/bot8250421622:AAH5Sk494L0LJZrTUIniCqxRqq1bOG9-JFg/getUpdates "HTTP/1.1 200 OK"
2026-02-03 15:43:44,502 - httpx - INFO - HTTP Request: POST https://api.telegram.org/bot8250421622:AAH5Sk494L0LJZrTUIniCqxRqq1bOG9-JFg/getUpdates "HTTP/1.1 200 OK"
2026-02-03 15:43:54,613 - httpx - INFO - HTTP Request: POST https://api.telegram.org/bot8250421622:AAH5Sk494L0LJZrTUIniCqxRqq1bOG9-JFg/getUpdates "HTTP/1.1 200 OK"
2026-02-03 15:44:04,816 - httpx - INFO - HTTP Request: POST https://api.telegram.org/bot8250421622:AAH5Sk494L0LJZrTUIniCqxRqq1bOG9-JFg/getUpdates "HTTP/1.1 200 OK"
2026-02-03 15:44:15,015 - httpx - INFO - HTTP Request: POST https://api.telegram.org/bot8250421622:AAH5Sk494L0LJZrTUIniCqxRqq1bOG9-JFg/getUpdates "HTTP/1.1 200 OK"
2026-02-03 15:44:25,170 - httpx - INFO - HTTP Request: POST https://api.telegram.org/bot8250421622:AAH5Sk494L0LJZrTUIniCqxRqq1bOG9-JFg/getUpdates "HTTP/1.1 200 OK"
2026-02-03 15:44:29,960 - __main__ - ERROR - Reminder check error: There is no current event loop in thread 'Thread-1 (_check_reminders)'.
2026-02-03 15:44:35,283 - httpx - INFO - HTTP Request: POST https://api.telegram.org/bot8250421622:AAH5Sk494L0LJZrTUIniCqxRqq1bOG9-JFg/getUpdates "HTTP/1.1 200 OK"
2026-02-03 15:44:45,460 - httpx - INFO - HTTP Request: POST https://api.telegram.org/bot8250421622:AAH5Sk494L0LJZrTUIniCqxRqq1bOG9-JFg/getUpdates "HTTP/1.1 200 OK"
2026-02-03 15:44:55,603 - httpx - INFO - HTTP Request: POST https://api.telegram.org/bot8250421622:AAH5Sk494L0LJZrTUIniCqxRqq1bOG9-JFg/getUpdates "HTTP/1.1 200 OK"
2026-02-03 15:45:05,720 - httpx - INFO - HTTP Request: POST https://api.telegram.org/bot8250421622:AAH5Sk494L0LJZrTUIniCqxRqq1bOG9-JFg/getUpdates "HTTP/1.1 200 OK"
2026-02-03 15:45:15,910 - httpx - INFO - HTTP Request: POST https://api.telegram.org/bot8250421622:AAH5Sk494L0LJZrTUIniCqxRqq1bOG9-JFg/getUpdates "HTTP/1.1 200 OK"
2026-02-03 15:45:26,202 - httpx - INFO - HTTP Request: POST https://api.telegram.org/bot8250421622:AAH5Sk494L0LJZrTUIniCqxRqq1bOG9-JFg/getUpdates "HTTP/1.1 200 OK"
2026-02-03 15:45:29,963 - __main__ - ERROR - Reminder check error: There is no current event loop in thread 'Thread-1 (_check_reminders)'.
2026-02-03 15:45:36,425 - httpx - INFO - HTTP Request: POST https://api.telegram.org/bot8250421622:AAH5Sk494L0LJZrTUIniCqxRqq1bOG9-JFg/getUpdates "HTTP/1.1 200 OK"
2026-02-03 15:45:46,663 - httpx - INFO - HTTP Request: POST https://api.telegram.org/bot8250421622:AAH5Sk494L0LJZrTUIniCqxRqq1bOG9-JFg/getUpdates "HTTP/1.1 200 OK"
2026-02-03 15:45:56,942 - httpx - INFO - HTTP Request: POST https://api.telegram.org/bot8250421622:AAH5Sk494L0LJZrTUIniCqxRqq1bOG9-JFg/getUpdates "HTTP/1.1 200 OK"
2026-02-03 15:46:07,056 - httpx - INFO - HTTP Request: POST https://api.telegram.org/bot8250421622:AAH5Sk494L0LJZrTUIniCqxRqq1bOG9-JFg/getUpdates "HTTP/1.1 200 OK"
2026-02-03 15:46:17,209 - httpx - INFO - HTTP Request: POST https://api.telegram.org/bot8250421622:AAH5Sk494L0LJZrTUIniCqxRqq1bOG9-JFg/getUpdates "HTTP/1.1 200 OK"
2026-02-03 15:46:27,324 - httpx - INFO - HTTP Request: POST https://api.telegram.org/bot8250421622:AAH5Sk494L0LJZrTUIniCqxRqq1bOG9-JFg/getUpdates "HTTP/1.1 200 OK"
2026-02-03 15:46:29,965 - __main__ - ERROR - Reminder check error: There is no current event loop in thread 'Thread-1 (_check_reminders)'.
2026-02-03 15:46:37,557 - httpx - INFO - HTTP Request: POST https://api.telegram.org/bot8250421622:AAH5Sk494L0LJZrTUIniCqxRqq1bOG9-JFg/getUpdates "HTTP/1.1 200 OK"
2026-02-03 15:46:47,874 - httpx - INFO - HTTP Request: POST https://api.telegram.org/bot8250421622:AAH5Sk494L0LJZrTUIniCqxRqq1bOG9-JFg/getUpdates "HTTP/1.1 200 OK"
2026-02-03 15:46:58,005 - httpx - INFO - HTTP Request: POST https://api.telegram.org/bot8250421622:AAH5Sk494L0LJZrTUIniCqxRqq1bOG9-JFg/getUpdates "HTTP/1.1 200 OK"
2026-02-03 15:47:08,175 - httpx - INFO - HTTP Request: POST https://api.telegram.org/bot8250421622:AAH5Sk494L0LJZrTUIniCqxRqq1bOG9-JFg/getUpdates "HTTP/1.1 200 OK"
2026-02-03 15:47:18,351 - httpx - INFO - HTTP Request: POST https://api.telegram.org/bot8250421622:AAH5Sk494L0LJZrTUIniCqxRqq1bOG9-JFg/getUpdates "HTTP/1.1 200 OK"
2026-02-03 15:47:28,463 - httpx - INFO - HTTP Request: POST https://api.telegram.org/bot8250421622:AAH5Sk494L0LJZrTUIniCqxRqq1bOG9-JFg/getUpdates "HTTP/1.1 200 OK"
2026-02-03 15:47:29,967 - __main__ - ERROR - Reminder check error: There is no current event loop in thread 'Thread-1 (_check_reminders)'.
2026-02-03 15:47:38,690 - httpx - INFO - HTTP Request: POST https://api.telegram.org/bot8250421622:AAH5Sk494L0LJZrTUIniCqxRqq1bOG9-JFg/getUpdates "HTTP/1.1 200 OK"
2026-02-03 15:47:48,873 - httpx - INFO - HTTP Request: POST https://api.telegram.org/bot8250421622:AAH5Sk494L0LJZrTUIniCqxRqq1bOG9-JFg/getUpdates "HTTP/1.1 200 OK"
2026-02-03 15:47:59,068 - httpx - INFO - HTTP Request: POST https://api.telegram.org/bot8250421622:AAH5Sk494L0LJZrTUIniCqxRqq1bOG9-JFg/getUpdates "HTTP/1.1 200 OK"
2026-02-03 15:48:09,328 - httpx - INFO - HTTP Request: POST https://api.telegram.org/bot8250421622:AAH5Sk494L0LJZrTUIniCqxRqq1bOG9-JFg/getUpdates "HTTP/1.1 200 OK"
2026-02-03 15:48:14,939 - httpx - INFO - HTTP Request: POST https://api.telegram.org/bot8250421622:AAH5Sk494L0LJZrTUIniCqxRqq1bOG9-JFg/getUpdates "HTTP/1.1 200 OK"
2026-02-03 15:48:14,944 - telegram.ext.Application - INFO - Application is stopping. This might take a moment.
2026-02-03 15:48:14,945 - apscheduler.scheduler - INFO - Scheduler has been shut down
2026-02-03 15:48:14,964 - telegram.ext.Application - INFO - Application.stop() complete
2026-02-03 15:48:17,130 - __main__ - INFO - Database yaratildi (yoki bog'landi)
2026-02-03 15:48:18,528 - httpx - INFO - HTTP Request: POST https://api.telegram.org/bot8250421622:AAH5Sk494L0LJZrTUIniCqxRqq1bOG9-JFg/getMe "HTTP/1.1 200 OK"
2026-02-03 15:48:18,534 - __main__ - INFO - Reminder scheduler started
2026-02-03 15:48:18,852 - httpx - INFO - HTTP Request: POST https://api.telegram.org/bot8250421622:AAH5Sk494L0LJZrTUIniCqxRqq1bOG9-JFg/deleteWebhook "HTTP/1.1 200 OK"
2026-02-03 15:48:18,860 - apscheduler.scheduler - INFO - Scheduler started
2026-02-03 15:48:18,862 - telegram.ext.Application - INFO - Application started
2026-02-03 15:48:24,467 - httpx - INFO - HTTP Request: POST https://api.telegram.org/bot8250421622:AAH5Sk494L0LJZrTUIniCqxRqq1bOG9-JFg/getUpdates "HTTP/1.1 200 OK"
2026-02-03 15:48:24,475 - __main__ - ERROR - Foydalanuvchi qo'shishda xato: table users has no column named is_admin
2026-02-03 15:48:25,189 - httpx - INFO - HTTP Request: POST https://api.telegram.org/bot8250421622:AAH5Sk494L0LJZrTUIniCqxRqq1bOG9-JFg/sendMessage "HTTP/1.1 200 OK"
2026-02-03 15:48:34,724 - httpx - INFO - HTTP Request: POST https://api.telegram.org/bot8250421622:AAH5Sk494L0LJZrTUIniCqxRqq1bOG9-JFg/getUpdates "HTTP/1.1 200 OK"
2026-02-03 15:48:36,233 - httpx - INFO - HTTP Request: POST https://api.telegram.org/bot8250421622:AAH5Sk494L0LJZrTUIniCqxRqq1bOG9-JFg/getUpdates "HTTP/1.1 200 OK"
2026-02-03 15:48:37,426 - httpx - INFO - HTTP Request: POST https://api.telegram.org/bot8250421622:AAH5Sk494L0LJZrTUIniCqxRqq1bOG9-JFg/sendMessage "HTTP/1.1 200 OK"
2026-02-03 15:48:37,433 - telegram.ext.Application - ERROR - No error handlers are registered, logging exception.
Traceback (most recent call last):
  File "C:\Users\User\AppData\Local\Programs\Python\Python313\Lib\site-packages\telegram\ext\_application.py", line 1315, in process_update
    await coroutine
  File "C:\Users\User\AppData\Local\Programs\Python\Python313\Lib\site-packages\telegram\ext\_handlers\basehandler.py", line 159, in handle_update
    return await self.callback(update, context)
           ^^^^^^^^^^^^^^^^^^^^^^^^^^^^^^^^^^^^
  File "C:\Users\User\Desktop\Eslatma Bot\bot.py", line 918, in handle_text_message
    await self.menu(update, context)
  File "C:\Users\User\Desktop\Eslatma Bot\bot.py", line 483, in menu
    is_admin = user_info['is_admin'] if user_info else False
               ~~~~~~~~~^^^^^^^^^^^^
KeyError: 'is_admin'
2026-02-03 15:48:46,602 - httpx - INFO - HTTP Request: POST https://api.telegram.org/bot8250421622:AAH5Sk494L0LJZrTUIniCqxRqq1bOG9-JFg/getUpdates "HTTP/1.1 200 OK"
2026-02-03 15:48:52,665 - httpx - INFO - HTTP Request: POST https://api.telegram.org/bot8250421622:AAH5Sk494L0LJZrTUIniCqxRqq1bOG9-JFg/getUpdates "HTTP/1.1 200 OK"
2026-02-03 15:48:52,672 - __main__ - ERROR - Foydalanuvchi qo'shishda xato: table users has no column named is_admin
2026-02-03 15:48:53,445 - httpx - INFO - HTTP Request: POST https://api.telegram.org/bot8250421622:AAH5Sk494L0LJZrTUIniCqxRqq1bOG9-JFg/sendMessage "HTTP/1.1 200 OK"
2026-02-03 15:49:02,865 - httpx - INFO - HTTP Request: POST https://api.telegram.org/bot8250421622:AAH5Sk494L0LJZrTUIniCqxRqq1bOG9-JFg/getUpdates "HTTP/1.1 200 OK"
2026-02-03 15:49:13,080 - httpx - INFO - HTTP Request: POST https://api.telegram.org/bot8250421622:AAH5Sk494L0LJZrTUIniCqxRqq1bOG9-JFg/getUpdates "HTTP/1.1 200 OK"
2026-02-03 15:49:16,388 - httpx - INFO - HTTP Request: POST https://api.telegram.org/bot8250421622:AAH5Sk494L0LJZrTUIniCqxRqq1bOG9-JFg/getUpdates "HTTP/1.1 200 OK"
2026-02-03 15:49:16,845 - httpx - INFO - HTTP Request: POST https://api.telegram.org/bot8250421622:AAH5Sk494L0LJZrTUIniCqxRqq1bOG9-JFg/sendMessage "HTTP/1.1 200 OK"
2026-02-03 15:49:26,613 - httpx - INFO - HTTP Request: POST https://api.telegram.org/bot8250421622:AAH5Sk494L0LJZrTUIniCqxRqq1bOG9-JFg/getUpdates "HTTP/1.1 200 OK"
2026-02-03 15:49:27,975 - httpx - INFO - HTTP Request: POST https://api.telegram.org/bot8250421622:AAH5Sk494L0LJZrTUIniCqxRqq1bOG9-JFg/getUpdates "HTTP/1.1 200 OK"
2026-02-03 15:49:29,077 - httpx - INFO - HTTP Request: POST https://api.telegram.org/bot8250421622:AAH5Sk494L0LJZrTUIniCqxRqq1bOG9-JFg/sendMessage "HTTP/1.1 200 OK"
2026-02-03 15:49:29,081 - telegram.ext.Application - ERROR - No error handlers are registered, logging exception.
Traceback (most recent call last):
  File "C:\Users\User\AppData\Local\Programs\Python\Python313\Lib\site-packages\telegram\ext\_application.py", line 1315, in process_update
    await coroutine
  File "C:\Users\User\AppData\Local\Programs\Python\Python313\Lib\site-packages\telegram\ext\_handlers\basehandler.py", line 159, in handle_update
    return await self.callback(update, context)
           ^^^^^^^^^^^^^^^^^^^^^^^^^^^^^^^^^^^^
  File "C:\Users\User\Desktop\Eslatma Bot\bot.py", line 918, in handle_text_message
    await self.menu(update, context)
  File "C:\Users\User\Desktop\Eslatma Bot\bot.py", line 483, in menu
    is_admin = user_info['is_admin'] if user_info else False
               ~~~~~~~~~^^^^^^^^^^^^
KeyError: 'is_admin'
2026-02-03 15:49:33,995 - httpx - INFO - HTTP Request: POST https://api.telegram.org/bot8250421622:AAH5Sk494L0LJZrTUIniCqxRqq1bOG9-JFg/getUpdates "HTTP/1.1 200 OK"
2026-02-03 15:49:34,202 - httpx - INFO - HTTP Request: POST https://api.telegram.org/bot8250421622:AAH5Sk494L0LJZrTUIniCqxRqq1bOG9-JFg/sendMessage "HTTP/1.1 200 OK"
2026-02-03 15:49:34,209 - telegram.ext.Application - ERROR - No error handlers are registered, logging exception.
Traceback (most recent call last):
  File "C:\Users\User\AppData\Local\Programs\Python\Python313\Lib\site-packages\telegram\ext\_application.py", line 1315, in process_update
    await coroutine
  File "C:\Users\User\AppData\Local\Programs\Python\Python313\Lib\site-packages\telegram\ext\_handlers\basehandler.py", line 159, in handle_update
    return await self.callback(update, context)
           ^^^^^^^^^^^^^^^^^^^^^^^^^^^^^^^^^^^^
  File "C:\Users\User\Desktop\Eslatma Bot\bot.py", line 918, in handle_text_message
    await self.menu(update, context)
  File "C:\Users\User\Desktop\Eslatma Bot\bot.py", line 483, in menu
    is_admin = user_info['is_admin'] if user_info else False
               ~~~~~~~~~^^^^^^^^^^^^
KeyError: 'is_admin'
2026-02-03 15:49:39,829 - httpx - INFO - HTTP Request: POST https://api.telegram.org/bot8250421622:AAH5Sk494L0LJZrTUIniCqxRqq1bOG9-JFg/getUpdates "HTTP/1.1 200 OK"
2026-02-03 15:49:40,796 - httpx - INFO - HTTP Request: POST https://api.telegram.org/bot8250421622:AAH5Sk494L0LJZrTUIniCqxRqq1bOG9-JFg/sendMessage "HTTP/1.1 200 OK"
2026-02-03 15:49:40,803 - telegram.ext.Application - ERROR - No error handlers are registered, logging exception.
Traceback (most recent call last):
  File "C:\Users\User\AppData\Local\Programs\Python\Python313\Lib\site-packages\telegram\ext\_application.py", line 1315, in process_update
    await coroutine
  File "C:\Users\User\AppData\Local\Programs\Python\Python313\Lib\site-packages\telegram\ext\_handlers\basehandler.py", line 159, in handle_update
    return await self.callback(update, context)
           ^^^^^^^^^^^^^^^^^^^^^^^^^^^^^^^^^^^^
  File "C:\Users\User\Desktop\Eslatma Bot\bot.py", line 918, in handle_text_message
    await self.menu(update, context)
  File "C:\Users\User\Desktop\Eslatma Bot\bot.py", line 483, in menu
    is_admin = user_info['is_admin'] if user_info else False
               ~~~~~~~~~^^^^^^^^^^^^
KeyError: 'is_admin'
2026-02-03 15:49:50,072 - httpx - INFO - HTTP Request: POST https://api.telegram.org/bot8250421622:AAH5Sk494L0LJZrTUIniCqxRqq1bOG9-JFg/getUpdates "HTTP/1.1 200 OK"
2026-02-03 15:50:00,332 - httpx - INFO - HTTP Request: POST https://api.telegram.org/bot8250421622:AAH5Sk494L0LJZrTUIniCqxRqq1bOG9-JFg/getUpdates "HTTP/1.1 200 OK"
2026-02-03 15:50:10,547 - httpx - INFO - HTTP Request: POST https://api.telegram.org/bot8250421622:AAH5Sk494L0LJZrTUIniCqxRqq1bOG9-JFg/getUpdates "HTTP/1.1 200 OK"
2026-02-03 15:50:20,703 - httpx - INFO - HTTP Request: POST https://api.telegram.org/bot8250421622:AAH5Sk494L0LJZrTUIniCqxRqq1bOG9-JFg/getUpdates "HTTP/1.1 200 OK"
2026-02-03 15:50:30,928 - httpx - INFO - HTTP Request: POST https://api.telegram.org/bot8250421622:AAH5Sk494L0LJZrTUIniCqxRqq1bOG9-JFg/getUpdates "HTTP/1.1 200 OK"
2026-02-03 15:50:41,190 - httpx - INFO - HTTP Request: POST https://api.telegram.org/bot8250421622:AAH5Sk494L0LJZrTUIniCqxRqq1bOG9-JFg/getUpdates "HTTP/1.1 200 OK"
2026-02-03 15:50:51,410 - httpx - INFO - HTTP Request: POST https://api.telegram.org/bot8250421622:AAH5Sk494L0LJZrTUIniCqxRqq1bOG9-JFg/getUpdates "HTTP/1.1 200 OK"
2026-02-03 15:51:01,705 - httpx - INFO - HTTP Request: POST https://api.telegram.org/bot8250421622:AAH5Sk494L0LJZrTUIniCqxRqq1bOG9-JFg/getUpdates "HTTP/1.1 200 OK"
2026-02-03 15:51:11,993 - httpx - INFO - HTTP Request: POST https://api.telegram.org/bot8250421622:AAH5Sk494L0LJZrTUIniCqxRqq1bOG9-JFg/getUpdates "HTTP/1.1 200 OK"
2026-02-03 15:51:22,232 - httpx - INFO - HTTP Request: POST https://api.telegram.org/bot8250421622:AAH5Sk494L0LJZrTUIniCqxRqq1bOG9-JFg/getUpdates "HTTP/1.1 200 OK"
2026-02-03 15:51:32,373 - httpx - INFO - HTTP Request: POST https://api.telegram.org/bot8250421622:AAH5Sk494L0LJZrTUIniCqxRqq1bOG9-JFg/getUpdates "HTTP/1.1 200 OK"
2026-02-03 15:51:43,125 - httpx - INFO - HTTP Request: POST https://api.telegram.org/bot8250421622:AAH5Sk494L0LJZrTUIniCqxRqq1bOG9-JFg/getUpdates "HTTP/1.1 200 OK"
2026-02-03 15:51:53,261 - httpx - INFO - HTTP Request: POST https://api.telegram.org/bot8250421622:AAH5Sk494L0LJZrTUIniCqxRqq1bOG9-JFg/getUpdates "HTTP/1.1 200 OK"
2026-02-03 15:52:03,540 - httpx - INFO - HTTP Request: POST https://api.telegram.org/bot8250421622:AAH5Sk494L0LJZrTUIniCqxRqq1bOG9-JFg/getUpdates "HTTP/1.1 200 OK"
2026-02-03 15:52:14,192 - httpx - INFO - HTTP Request: POST https://api.telegram.org/bot8250421622:AAH5Sk494L0LJZrTUIniCqxRqq1bOG9-JFg/getUpdates "HTTP/1.1 200 OK"
2026-02-03 15:52:24,349 - httpx - INFO - HTTP Request: POST https://api.telegram.org/bot8250421622:AAH5Sk494L0LJZrTUIniCqxRqq1bOG9-JFg/getUpdates "HTTP/1.1 200 OK"
2026-02-03 15:52:34,650 - httpx - INFO - HTTP Request: POST https://api.telegram.org/bot8250421622:AAH5Sk494L0LJZrTUIniCqxRqq1bOG9-JFg/getUpdates "HTTP/1.1 200 OK"
2026-02-03 15:52:44,770 - httpx - INFO - HTTP Request: POST https://api.telegram.org/bot8250421622:AAH5Sk494L0LJZrTUIniCqxRqq1bOG9-JFg/getUpdates "HTTP/1.1 200 OK"
2026-02-03 15:52:55,010 - httpx - INFO - HTTP Request: POST https://api.telegram.org/bot8250421622:AAH5Sk494L0LJZrTUIniCqxRqq1bOG9-JFg/getUpdates "HTTP/1.1 200 OK"
2026-02-03 15:53:05,269 - httpx - INFO - HTTP Request: POST https://api.telegram.org/bot8250421622:AAH5Sk494L0LJZrTUIniCqxRqq1bOG9-JFg/getUpdates "HTTP/1.1 200 OK"
2026-02-03 15:53:15,394 - httpx - INFO - HTTP Request: POST https://api.telegram.org/bot8250421622:AAH5Sk494L0LJZrTUIniCqxRqq1bOG9-JFg/getUpdates "HTTP/1.1 200 OK"
2026-02-03 15:53:25,626 - httpx - INFO - HTTP Request: POST https://api.telegram.org/bot8250421622:AAH5Sk494L0LJZrTUIniCqxRqq1bOG9-JFg/getUpdates "HTTP/1.1 200 OK"
2026-02-03 15:53:35,868 - httpx - INFO - HTTP Request: POST https://api.telegram.org/bot8250421622:AAH5Sk494L0LJZrTUIniCqxRqq1bOG9-JFg/getUpdates "HTTP/1.1 200 OK"
2026-02-03 15:53:46,080 - httpx - INFO - HTTP Request: POST https://api.telegram.org/bot8250421622:AAH5Sk494L0LJZrTUIniCqxRqq1bOG9-JFg/getUpdates "HTTP/1.1 200 OK"
2026-02-03 15:53:56,387 - httpx - INFO - HTTP Request: POST https://api.telegram.org/bot8250421622:AAH5Sk494L0LJZrTUIniCqxRqq1bOG9-JFg/getUpdates "HTTP/1.1 200 OK"
2026-02-03 15:54:06,583 - httpx - INFO - HTTP Request: POST https://api.telegram.org/bot8250421622:AAH5Sk494L0LJZrTUIniCqxRqq1bOG9-JFg/getUpdates "HTTP/1.1 200 OK"
2026-02-03 15:54:16,827 - httpx - INFO - HTTP Request: POST https://api.telegram.org/bot8250421622:AAH5Sk494L0LJZrTUIniCqxRqq1bOG9-JFg/getUpdates "HTTP/1.1 200 OK"
2026-02-03 15:54:27,068 - httpx - INFO - HTTP Request: POST https://api.telegram.org/bot8250421622:AAH5Sk494L0LJZrTUIniCqxRqq1bOG9-JFg/getUpdates "HTTP/1.1 200 OK"
2026-02-03 15:54:37,430 - httpx - INFO - HTTP Request: POST https://api.telegram.org/bot8250421622:AAH5Sk494L0LJZrTUIniCqxRqq1bOG9-JFg/getUpdates "HTTP/1.1 200 OK"
2026-02-03 15:54:47,755 - httpx - INFO - HTTP Request: POST https://api.telegram.org/bot8250421622:AAH5Sk494L0LJZrTUIniCqxRqq1bOG9-JFg/getUpdates "HTTP/1.1 200 OK"
2026-02-03 15:54:57,895 - httpx - INFO - HTTP Request: POST https://api.telegram.org/bot8250421622:AAH5Sk494L0LJZrTUIniCqxRqq1bOG9-JFg/getUpdates "HTTP/1.1 200 OK"
2026-02-03 15:55:08,152 - httpx - INFO - HTTP Request: POST https://api.telegram.org/bot8250421622:AAH5Sk494L0LJZrTUIniCqxRqq1bOG9-JFg/getUpdates "HTTP/1.1 200 OK"
2026-02-03 15:55:18,690 - httpx - INFO - HTTP Request: POST https://api.telegram.org/bot8250421622:AAH5Sk494L0LJZrTUIniCqxRqq1bOG9-JFg/getUpdates "HTTP/1.1 200 OK"
2026-02-03 15:55:28,826 - httpx - INFO - HTTP Request: POST https://api.telegram.org/bot8250421622:AAH5Sk494L0LJZrTUIniCqxRqq1bOG9-JFg/getUpdates "HTTP/1.1 200 OK"
2026-02-03 15:55:38,958 - httpx - INFO - HTTP Request: POST https://api.telegram.org/bot8250421622:AAH5Sk494L0LJZrTUIniCqxRqq1bOG9-JFg/getUpdates "HTTP/1.1 200 OK"
2026-02-03 15:55:49,220 - httpx - INFO - HTTP Request: POST https://api.telegram.org/bot8250421622:AAH5Sk494L0LJZrTUIniCqxRqq1bOG9-JFg/getUpdates "HTTP/1.1 200 OK"
2026-02-03 15:55:59,335 - httpx - INFO - HTTP Request: POST https://api.telegram.org/bot8250421622:AAH5Sk494L0LJZrTUIniCqxRqq1bOG9-JFg/getUpdates "HTTP/1.1 200 OK"
2026-02-03 15:56:09,632 - httpx - INFO - HTTP Request: POST https://api.telegram.org/bot8250421622:AAH5Sk494L0LJZrTUIniCqxRqq1bOG9-JFg/getUpdates "HTTP/1.1 200 OK"
2026-02-03 15:56:20,168 - httpx - INFO - HTTP Request: POST https://api.telegram.org/bot8250421622:AAH5Sk494L0LJZrTUIniCqxRqq1bOG9-JFg/getUpdates "HTTP/1.1 200 OK"
2026-02-03 15:56:30,361 - httpx - INFO - HTTP Request: POST https://api.telegram.org/bot8250421622:AAH5Sk494L0LJZrTUIniCqxRqq1bOG9-JFg/getUpdates "HTTP/1.1 200 OK"
2026-02-03 15:56:40,488 - httpx - INFO - HTTP Request: POST https://api.telegram.org/bot8250421622:AAH5Sk494L0LJZrTUIniCqxRqq1bOG9-JFg/getUpdates "HTTP/1.1 200 OK"
2026-02-03 15:56:50,619 - httpx - INFO - HTTP Request: POST https://api.telegram.org/bot8250421622:AAH5Sk494L0LJZrTUIniCqxRqq1bOG9-JFg/getUpdates "HTTP/1.1 200 OK"
2026-02-03 15:57:00,875 - httpx - INFO - HTTP Request: POST https://api.telegram.org/bot8250421622:AAH5Sk494L0LJZrTUIniCqxRqq1bOG9-JFg/getUpdates "HTTP/1.1 200 OK"
2026-02-03 15:57:11,148 - httpx - INFO - HTTP Request: POST https://api.telegram.org/bot8250421622:AAH5Sk494L0LJZrTUIniCqxRqq1bOG9-JFg/getUpdates "HTTP/1.1 200 OK"
2026-02-03 15:57:21,261 - httpx - INFO - HTTP Request: POST https://api.telegram.org/bot8250421622:AAH5Sk494L0LJZrTUIniCqxRqq1bOG9-JFg/getUpdates "HTTP/1.1 200 OK"
2026-02-03 15:57:31,495 - httpx - INFO - HTTP Request: POST https://api.telegram.org/bot8250421622:AAH5Sk494L0LJZrTUIniCqxRqq1bOG9-JFg/getUpdates "HTTP/1.1 200 OK"
2026-02-03 15:57:41,634 - httpx - INFO - HTTP Request: POST https://api.telegram.org/bot8250421622:AAH5Sk494L0LJZrTUIniCqxRqq1bOG9-JFg/getUpdates "HTTP/1.1 200 OK"
2026-02-03 15:57:51,809 - httpx - INFO - HTTP Request: POST https://api.telegram.org/bot8250421622:AAH5Sk494L0LJZrTUIniCqxRqq1bOG9-JFg/getUpdates "HTTP/1.1 200 OK"
2026-02-03 15:58:02,209 - httpx - INFO - HTTP Request: POST https://api.telegram.org/bot8250421622:AAH5Sk494L0LJZrTUIniCqxRqq1bOG9-JFg/getUpdates "HTTP/1.1 200 OK"
2026-02-03 15:58:12,413 - httpx - INFO - HTTP Request: POST https://api.telegram.org/bot8250421622:AAH5Sk494L0LJZrTUIniCqxRqq1bOG9-JFg/getUpdates "HTTP/1.1 200 OK"
2026-02-03 15:58:22,696 - httpx - INFO - HTTP Request: POST https://api.telegram.org/bot8250421622:AAH5Sk494L0LJZrTUIniCqxRqq1bOG9-JFg/getUpdates "HTTP/1.1 200 OK"
2026-02-03 15:58:32,833 - httpx - INFO - HTTP Request: POST https://api.telegram.org/bot8250421622:AAH5Sk494L0LJZrTUIniCqxRqq1bOG9-JFg/getUpdates "HTTP/1.1 200 OK"
2026-02-03 15:58:43,279 - httpx - INFO - HTTP Request: POST https://api.telegram.org/bot8250421622:AAH5Sk494L0LJZrTUIniCqxRqq1bOG9-JFg/getUpdates "HTTP/1.1 200 OK"
2026-02-03 15:58:53,474 - httpx - INFO - HTTP Request: POST https://api.telegram.org/bot8250421622:AAH5Sk494L0LJZrTUIniCqxRqq1bOG9-JFg/getUpdates "HTTP/1.1 200 OK"
2026-02-03 15:59:03,675 - httpx - INFO - HTTP Request: POST https://api.telegram.org/bot8250421622:AAH5Sk494L0LJZrTUIniCqxRqq1bOG9-JFg/getUpdates "HTTP/1.1 200 OK"
2026-02-03 15:59:13,895 - httpx - INFO - HTTP Request: POST https://api.telegram.org/bot8250421622:AAH5Sk494L0LJZrTUIniCqxRqq1bOG9-JFg/getUpdates "HTTP/1.1 200 OK"
2026-02-03 15:59:24,336 - httpx - INFO - HTTP Request: POST https://api.telegram.org/bot8250421622:AAH5Sk494L0LJZrTUIniCqxRqq1bOG9-JFg/getUpdates "HTTP/1.1 200 OK"
2026-02-03 15:59:34,499 - httpx - INFO - HTTP Request: POST https://api.telegram.org/bot8250421622:AAH5Sk494L0LJZrTUIniCqxRqq1bOG9-JFg/getUpdates "HTTP/1.1 200 OK"
2026-02-03 15:59:44,812 - httpx - INFO - HTTP Request: POST https://api.telegram.org/bot8250421622:AAH5Sk494L0LJZrTUIniCqxRqq1bOG9-JFg/getUpdates "HTTP/1.1 200 OK"
2026-02-03 15:59:54,975 - httpx - INFO - HTTP Request: POST https://api.telegram.org/bot8250421622:AAH5Sk494L0LJZrTUIniCqxRqq1bOG9-JFg/getUpdates "HTTP/1.1 200 OK"
2026-02-03 16:00:05,136 - httpx - INFO - HTTP Request: POST https://api.telegram.org/bot8250421622:AAH5Sk494L0LJZrTUIniCqxRqq1bOG9-JFg/getUpdates "HTTP/1.1 200 OK"
2026-02-03 16:00:15,315 - httpx - INFO - HTTP Request: POST https://api.telegram.org/bot8250421622:AAH5Sk494L0LJZrTUIniCqxRqq1bOG9-JFg/getUpdates "HTTP/1.1 200 OK"
2026-02-03 16:00:25,513 - httpx - INFO - HTTP Request: POST https://api.telegram.org/bot8250421622:AAH5Sk494L0LJZrTUIniCqxRqq1bOG9-JFg/getUpdates "HTTP/1.1 200 OK"
2026-02-03 16:00:35,816 - httpx - INFO - HTTP Request: POST https://api.telegram.org/bot8250421622:AAH5Sk494L0LJZrTUIniCqxRqq1bOG9-JFg/getUpdates "HTTP/1.1 200 OK"
2026-02-03 16:00:46,044 - httpx - INFO - HTTP Request: POST https://api.telegram.org/bot8250421622:AAH5Sk494L0LJZrTUIniCqxRqq1bOG9-JFg/getUpdates "HTTP/1.1 200 OK"
2026-02-03 16:00:56,198 - httpx - INFO - HTTP Request: POST https://api.telegram.org/bot8250421622:AAH5Sk494L0LJZrTUIniCqxRqq1bOG9-JFg/getUpdates "HTTP/1.1 200 OK"
2026-02-03 16:01:06,468 - httpx - INFO - HTTP Request: POST https://api.telegram.org/bot8250421622:AAH5Sk494L0LJZrTUIniCqxRqq1bOG9-JFg/getUpdates "HTTP/1.1 200 OK"
2026-02-03 16:01:16,735 - httpx - INFO - HTTP Request: POST https://api.telegram.org/bot8250421622:AAH5Sk494L0LJZrTUIniCqxRqq1bOG9-JFg/getUpdates "HTTP/1.1 200 OK"
2026-02-03 16:01:26,858 - httpx - INFO - HTTP Request: POST https://api.telegram.org/bot8250421622:AAH5Sk494L0LJZrTUIniCqxRqq1bOG9-JFg/getUpdates "HTTP/1.1 200 OK"
2026-02-03 16:01:37,116 - httpx - INFO - HTTP Request: POST https://api.telegram.org/bot8250421622:AAH5Sk494L0LJZrTUIniCqxRqq1bOG9-JFg/getUpdates "HTTP/1.1 200 OK"
2026-02-03 16:01:47,246 - httpx - INFO - HTTP Request: POST https://api.telegram.org/bot8250421622:AAH5Sk494L0LJZrTUIniCqxRqq1bOG9-JFg/getUpdates "HTTP/1.1 200 OK"
2026-02-03 16:01:57,528 - httpx - INFO - HTTP Request: POST https://api.telegram.org/bot8250421622:AAH5Sk494L0LJZrTUIniCqxRqq1bOG9-JFg/getUpdates "HTTP/1.1 200 OK"
2026-02-03 16:02:07,703 - httpx - INFO - HTTP Request: POST https://api.telegram.org/bot8250421622:AAH5Sk494L0LJZrTUIniCqxRqq1bOG9-JFg/getUpdates "HTTP/1.1 200 OK"
2026-02-03 16:02:17,911 - httpx - INFO - HTTP Request: POST https://api.telegram.org/bot8250421622:AAH5Sk494L0LJZrTUIniCqxRqq1bOG9-JFg/getUpdates "HTTP/1.1 200 OK"
2026-02-03 16:02:28,153 - httpx - INFO - HTTP Request: POST https://api.telegram.org/bot8250421622:AAH5Sk494L0LJZrTUIniCqxRqq1bOG9-JFg/getUpdates "HTTP/1.1 200 OK"
2026-02-03 16:02:38,392 - httpx - INFO - HTTP Request: POST https://api.telegram.org/bot8250421622:AAH5Sk494L0LJZrTUIniCqxRqq1bOG9-JFg/getUpdates "HTTP/1.1 200 OK"
2026-02-03 16:02:48,738 - httpx - INFO - HTTP Request: POST https://api.telegram.org/bot8250421622:AAH5Sk494L0LJZrTUIniCqxRqq1bOG9-JFg/getUpdates "HTTP/1.1 200 OK"
2026-02-03 16:02:58,917 - httpx - INFO - HTTP Request: POST https://api.telegram.org/bot8250421622:AAH5Sk494L0LJZrTUIniCqxRqq1bOG9-JFg/getUpdates "HTTP/1.1 200 OK"
2026-02-03 16:03:09,215 - httpx - INFO - HTTP Request: POST https://api.telegram.org/bot8250421622:AAH5Sk494L0LJZrTUIniCqxRqq1bOG9-JFg/getUpdates "HTTP/1.1 200 OK"
2026-02-03 16:03:17,151 - __main__ - INFO - Database initialized successfully
2026-02-03 16:03:18,028 - httpx - INFO - HTTP Request: POST https://api.telegram.org/bot8250421622:AAH5Sk494L0LJZrTUIniCqxRqq1bOG9-JFg/getMe "HTTP/1.1 200 OK"
2026-02-03 16:03:18,038 - __main__ - INFO - Database initialized successfully
2026-02-03 16:08:27,961 - __main__ - INFO - Database initialized successfully
2026-02-03 16:08:27,963 - __main__ - INFO - Database initialized successfully
2026-02-03 16:08:27,964 - __main__ - INFO - Reminder scheduler started
2026-02-03 16:08:28,822 - httpx - INFO - HTTP Request: POST https://api.telegram.org/bot8250421622:AAH5Sk494L0LJZrTUIniCqxRqq1bOG9-JFg/getMe "HTTP/1.1 200 OK"
2026-02-03 16:08:29,016 - httpx - INFO - HTTP Request: POST https://api.telegram.org/bot8250421622:AAH5Sk494L0LJZrTUIniCqxRqq1bOG9-JFg/deleteWebhook "HTTP/1.1 200 OK"
2026-02-03 16:08:29,031 - apscheduler.scheduler - INFO - Scheduler started
2026-02-03 16:08:29,032 - telegram.ext.Application - INFO - Application started
2026-02-03 16:08:29,197 - httpx - INFO - HTTP Request: POST https://api.telegram.org/bot8250421622:AAH5Sk494L0LJZrTUIniCqxRqq1bOG9-JFg/sendMessage "HTTP/1.1 200 OK"
2026-02-03 16:08:29,551 - httpx - INFO - HTTP Request: POST https://api.telegram.org/bot8250421622:AAH5Sk494L0LJZrTUIniCqxRqq1bOG9-JFg/getUpdates "HTTP/1.1 200 OK"
2026-02-03 16:08:29,555 - __main__ - ERROR - User add error: table users has no column named is_admin
2026-02-03 16:08:29,834 - httpx - INFO - HTTP Request: POST https://api.telegram.org/bot8250421622:AAH5Sk494L0LJZrTUIniCqxRqq1bOG9-JFg/sendMessage "HTTP/1.1 200 OK"
2026-02-03 16:08:30,863 - httpx - INFO - HTTP Request: POST https://api.telegram.org/bot8250421622:AAH5Sk494L0LJZrTUIniCqxRqq1bOG9-JFg/sendMessage "HTTP/1.1 200 OK"
2026-02-03 16:08:39,771 - httpx - INFO - HTTP Request: POST https://api.telegram.org/bot8250421622:AAH5Sk494L0LJZrTUIniCqxRqq1bOG9-JFg/getUpdates "HTTP/1.1 200 OK"
2026-02-03 16:08:50,032 - httpx - INFO - HTTP Request: POST https://api.telegram.org/bot8250421622:AAH5Sk494L0LJZrTUIniCqxRqq1bOG9-JFg/getUpdates "HTTP/1.1 200 OK"
2026-02-03 16:08:58,316 - httpx - INFO - HTTP Request: POST https://api.telegram.org/bot8250421622:AAH5Sk494L0LJZrTUIniCqxRqq1bOG9-JFg/getUpdates "HTTP/1.1 200 OK"
2026-02-03 16:08:59,321 - httpx - INFO - HTTP Request: POST https://api.telegram.org/bot8250421622:AAH5Sk494L0LJZrTUIniCqxRqq1bOG9-JFg/sendMessage "HTTP/1.1 200 OK"
2026-02-03 16:09:06,361 - httpx - INFO - HTTP Request: POST https://api.telegram.org/bot8250421622:AAH5Sk494L0LJZrTUIniCqxRqq1bOG9-JFg/getUpdates "HTTP/1.1 200 OK"
2026-02-03 16:09:07,411 - httpx - INFO - HTTP Request: POST https://api.telegram.org/bot8250421622:AAH5Sk494L0LJZrTUIniCqxRqq1bOG9-JFg/sendMessage "HTTP/1.1 200 OK"
2026-02-03 16:09:12,024 - httpx - INFO - HTTP Request: POST https://api.telegram.org/bot8250421622:AAH5Sk494L0LJZrTUIniCqxRqq1bOG9-JFg/getUpdates "HTTP/1.1 200 OK"
2026-02-03 16:09:12,032 - telegram.ext.Application - ERROR - No error handlers are registered, logging exception.
Traceback (most recent call last):
  File "C:\Users\User\AppData\Local\Programs\Python\Python313\Lib\site-packages\telegram\ext\_application.py", line 1315, in process_update
    await coroutine
  File "C:\Users\User\AppData\Local\Programs\Python\Python313\Lib\site-packages\telegram\ext\_handlers\basehandler.py", line 159, in handle_update
    return await self.callback(update, context)
           ^^^^^^^^^^^^^^^^^^^^^^^^^^^^^^^^^^^^
  File "C:\Users\User\Desktop\Eslatma Bot\bot.py", line 492, in handle_message
    await update.message.reply_text("Asosiy menyu", reply_markup=self.get_main_keyboard(uinfo['is_admin']))
                                                                                        ~~~~~^^^^^^^^^^^^
KeyError: 'is_admin'
2026-02-03 16:09:15,205 - httpx - INFO - HTTP Request: POST https://api.telegram.org/bot8250421622:AAH5Sk494L0LJZrTUIniCqxRqq1bOG9-JFg/getUpdates "HTTP/1.1 200 OK"
2026-02-03 16:09:15,212 - telegram.ext.Application - ERROR - No error handlers are registered, logging exception.
Traceback (most recent call last):
  File "C:\Users\User\AppData\Local\Programs\Python\Python313\Lib\site-packages\telegram\ext\_application.py", line 1315, in process_update
    await coroutine
  File "C:\Users\User\AppData\Local\Programs\Python\Python313\Lib\site-packages\telegram\ext\_handlers\basehandler.py", line 159, in handle_update
    return await self.callback(update, context)
           ^^^^^^^^^^^^^^^^^^^^^^^^^^^^^^^^^^^^
  File "C:\Users\User\Desktop\Eslatma Bot\bot.py", line 492, in handle_message
    await update.message.reply_text("Asosiy menyu", reply_markup=self.get_main_keyboard(uinfo['is_admin']))
                                                                                        ~~~~~^^^^^^^^^^^^
KeyError: 'is_admin'
2026-02-03 16:09:17,276 - httpx - INFO - HTTP Request: POST https://api.telegram.org/bot8250421622:AAH5Sk494L0LJZrTUIniCqxRqq1bOG9-JFg/getUpdates "HTTP/1.1 200 OK"
2026-02-03 16:09:17,278 - telegram.ext.Application - ERROR - No error handlers are registered, logging exception.
Traceback (most recent call last):
  File "C:\Users\User\AppData\Local\Programs\Python\Python313\Lib\site-packages\telegram\ext\_application.py", line 1315, in process_update
    await coroutine
  File "C:\Users\User\AppData\Local\Programs\Python\Python313\Lib\site-packages\telegram\ext\_handlers\basehandler.py", line 159, in handle_update
    return await self.callback(update, context)
           ^^^^^^^^^^^^^^^^^^^^^^^^^^^^^^^^^^^^
  File "C:\Users\User\Desktop\Eslatma Bot\bot.py", line 492, in handle_message
    await update.message.reply_text("Asosiy menyu", reply_markup=self.get_main_keyboard(uinfo['is_admin']))
                                                                                        ~~~~~^^^^^^^^^^^^
KeyError: 'is_admin'
2026-02-03 16:09:17,393 - httpx - INFO - HTTP Request: POST https://api.telegram.org/bot8250421622:AAH5Sk494L0LJZrTUIniCqxRqq1bOG9-JFg/getUpdates "HTTP/1.1 200 OK"
2026-02-03 16:09:17,400 - telegram.ext.Application - ERROR - No error handlers are registered, logging exception.
Traceback (most recent call last):
  File "C:\Users\User\AppData\Local\Programs\Python\Python313\Lib\site-packages\telegram\ext\_application.py", line 1315, in process_update
    await coroutine
  File "C:\Users\User\AppData\Local\Programs\Python\Python313\Lib\site-packages\telegram\ext\_handlers\basehandler.py", line 159, in handle_update
    return await self.callback(update, context)
           ^^^^^^^^^^^^^^^^^^^^^^^^^^^^^^^^^^^^
  File "C:\Users\User\Desktop\Eslatma Bot\bot.py", line 492, in handle_message
    await update.message.reply_text("Asosiy menyu", reply_markup=self.get_main_keyboard(uinfo['is_admin']))
                                                                                        ~~~~~^^^^^^^^^^^^
KeyError: 'is_admin'
2026-02-03 16:09:17,662 - httpx - INFO - HTTP Request: POST https://api.telegram.org/bot8250421622:AAH5Sk494L0LJZrTUIniCqxRqq1bOG9-JFg/getUpdates "HTTP/1.1 200 OK"
2026-02-03 16:09:17,669 - telegram.ext.Application - ERROR - No error handlers are registered, logging exception.
Traceback (most recent call last):
  File "C:\Users\User\AppData\Local\Programs\Python\Python313\Lib\site-packages\telegram\ext\_application.py", line 1315, in process_update
    await coroutine
  File "C:\Users\User\AppData\Local\Programs\Python\Python313\Lib\site-packages\telegram\ext\_handlers\basehandler.py", line 159, in handle_update
    return await self.callback(update, context)
           ^^^^^^^^^^^^^^^^^^^^^^^^^^^^^^^^^^^^
  File "C:\Users\User\Desktop\Eslatma Bot\bot.py", line 492, in handle_message
    await update.message.reply_text("Asosiy menyu", reply_markup=self.get_main_keyboard(uinfo['is_admin']))
                                                                                        ~~~~~^^^^^^^^^^^^
KeyError: 'is_admin'
2026-02-03 16:09:17,933 - httpx - INFO - HTTP Request: POST https://api.telegram.org/bot8250421622:AAH5Sk494L0LJZrTUIniCqxRqq1bOG9-JFg/getUpdates "HTTP/1.1 200 OK"
2026-02-03 16:09:17,940 - telegram.ext.Application - ERROR - No error handlers are registered, logging exception.
Traceback (most recent call last):
  File "C:\Users\User\AppData\Local\Programs\Python\Python313\Lib\site-packages\telegram\ext\_application.py", line 1315, in process_update
    await coroutine
  File "C:\Users\User\AppData\Local\Programs\Python\Python313\Lib\site-packages\telegram\ext\_handlers\basehandler.py", line 159, in handle_update
    return await self.callback(update, context)
           ^^^^^^^^^^^^^^^^^^^^^^^^^^^^^^^^^^^^
  File "C:\Users\User\Desktop\Eslatma Bot\bot.py", line 492, in handle_message
    await update.message.reply_text("Asosiy menyu", reply_markup=self.get_main_keyboard(uinfo['is_admin']))
                                                                                        ~~~~~^^^^^^^^^^^^
KeyError: 'is_admin'
2026-02-03 16:09:18,060 - httpx - INFO - HTTP Request: POST https://api.telegram.org/bot8250421622:AAH5Sk494L0LJZrTUIniCqxRqq1bOG9-JFg/getUpdates "HTTP/1.1 200 OK"
2026-02-03 16:09:18,068 - telegram.ext.Application - ERROR - No error handlers are registered, logging exception.
Traceback (most recent call last):
  File "C:\Users\User\AppData\Local\Programs\Python\Python313\Lib\site-packages\telegram\ext\_application.py", line 1315, in process_update
    await coroutine
  File "C:\Users\User\AppData\Local\Programs\Python\Python313\Lib\site-packages\telegram\ext\_handlers\basehandler.py", line 159, in handle_update
    return await self.callback(update, context)
           ^^^^^^^^^^^^^^^^^^^^^^^^^^^^^^^^^^^^
  File "C:\Users\User\Desktop\Eslatma Bot\bot.py", line 492, in handle_message
    await update.message.reply_text("Asosiy menyu", reply_markup=self.get_main_keyboard(uinfo['is_admin']))
                                                                                        ~~~~~^^^^^^^^^^^^
KeyError: 'is_admin'
2026-02-03 16:09:18,199 - httpx - INFO - HTTP Request: POST https://api.telegram.org/bot8250421622:AAH5Sk494L0LJZrTUIniCqxRqq1bOG9-JFg/getUpdates "HTTP/1.1 200 OK"
2026-02-03 16:09:18,206 - telegram.ext.Application - ERROR - No error handlers are registered, logging exception.
Traceback (most recent call last):
  File "C:\Users\User\AppData\Local\Programs\Python\Python313\Lib\site-packages\telegram\ext\_application.py", line 1315, in process_update
    await coroutine
  File "C:\Users\User\AppData\Local\Programs\Python\Python313\Lib\site-packages\telegram\ext\_handlers\basehandler.py", line 159, in handle_update
    return await self.callback(update, context)
           ^^^^^^^^^^^^^^^^^^^^^^^^^^^^^^^^^^^^
  File "C:\Users\User\Desktop\Eslatma Bot\bot.py", line 492, in handle_message
    await update.message.reply_text("Asosiy menyu", reply_markup=self.get_main_keyboard(uinfo['is_admin']))
                                                                                        ~~~~~^^^^^^^^^^^^
KeyError: 'is_admin'
2026-02-03 16:09:18,351 - httpx - INFO - HTTP Request: POST https://api.telegram.org/bot8250421622:AAH5Sk494L0LJZrTUIniCqxRqq1bOG9-JFg/getUpdates "HTTP/1.1 200 OK"
2026-02-03 16:09:18,358 - telegram.ext.Application - ERROR - No error handlers are registered, logging exception.
Traceback (most recent call last):
  File "C:\Users\User\AppData\Local\Programs\Python\Python313\Lib\site-packages\telegram\ext\_application.py", line 1315, in process_update
    await coroutine
  File "C:\Users\User\AppData\Local\Programs\Python\Python313\Lib\site-packages\telegram\ext\_handlers\basehandler.py", line 159, in handle_update
    return await self.callback(update, context)
           ^^^^^^^^^^^^^^^^^^^^^^^^^^^^^^^^^^^^
  File "C:\Users\User\Desktop\Eslatma Bot\bot.py", line 492, in handle_message
    await update.message.reply_text("Asosiy menyu", reply_markup=self.get_main_keyboard(uinfo['is_admin']))
                                                                                        ~~~~~^^^^^^^^^^^^
KeyError: 'is_admin'
2026-02-03 16:09:18,470 - httpx - INFO - HTTP Request: POST https://api.telegram.org/bot8250421622:AAH5Sk494L0LJZrTUIniCqxRqq1bOG9-JFg/getUpdates "HTTP/1.1 200 OK"
2026-02-03 16:09:18,477 - telegram.ext.Application - ERROR - No error handlers are registered, logging exception.
Traceback (most recent call last):
  File "C:\Users\User\AppData\Local\Programs\Python\Python313\Lib\site-packages\telegram\ext\_application.py", line 1315, in process_update
    await coroutine
  File "C:\Users\User\AppData\Local\Programs\Python\Python313\Lib\site-packages\telegram\ext\_handlers\basehandler.py", line 159, in handle_update
    return await self.callback(update, context)
           ^^^^^^^^^^^^^^^^^^^^^^^^^^^^^^^^^^^^
  File "C:\Users\User\Desktop\Eslatma Bot\bot.py", line 492, in handle_message
    await update.message.reply_text("Asosiy menyu", reply_markup=self.get_main_keyboard(uinfo['is_admin']))
                                                                                        ~~~~~^^^^^^^^^^^^
KeyError: 'is_admin'
2026-02-03 16:09:18,598 - httpx - INFO - HTTP Request: POST https://api.telegram.org/bot8250421622:AAH5Sk494L0LJZrTUIniCqxRqq1bOG9-JFg/getUpdates "HTTP/1.1 200 OK"
2026-02-03 16:09:18,604 - telegram.ext.Application - ERROR - No error handlers are registered, logging exception.
Traceback (most recent call last):
  File "C:\Users\User\AppData\Local\Programs\Python\Python313\Lib\site-packages\telegram\ext\_application.py", line 1315, in process_update
    await coroutine
  File "C:\Users\User\AppData\Local\Programs\Python\Python313\Lib\site-packages\telegram\ext\_handlers\basehandler.py", line 159, in handle_update
    return await self.callback(update, context)
           ^^^^^^^^^^^^^^^^^^^^^^^^^^^^^^^^^^^^
  File "C:\Users\User\Desktop\Eslatma Bot\bot.py", line 492, in handle_message
    await update.message.reply_text("Asosiy menyu", reply_markup=self.get_main_keyboard(uinfo['is_admin']))
                                                                                        ~~~~~^^^^^^^^^^^^
KeyError: 'is_admin'
2026-02-03 16:09:18,818 - httpx - INFO - HTTP Request: POST https://api.telegram.org/bot8250421622:AAH5Sk494L0LJZrTUIniCqxRqq1bOG9-JFg/getUpdates "HTTP/1.1 200 OK"
2026-02-03 16:09:18,829 - telegram.ext.Application - ERROR - No error handlers are registered, logging exception.
Traceback (most recent call last):
  File "C:\Users\User\AppData\Local\Programs\Python\Python313\Lib\site-packages\telegram\ext\_application.py", line 1315, in process_update
    await coroutine
  File "C:\Users\User\AppData\Local\Programs\Python\Python313\Lib\site-packages\telegram\ext\_handlers\basehandler.py", line 159, in handle_update
    return await self.callback(update, context)
           ^^^^^^^^^^^^^^^^^^^^^^^^^^^^^^^^^^^^
  File "C:\Users\User\Desktop\Eslatma Bot\bot.py", line 492, in handle_message
    await update.message.reply_text("Asosiy menyu", reply_markup=self.get_main_keyboard(uinfo['is_admin']))
                                                                                        ~~~~~^^^^^^^^^^^^
KeyError: 'is_admin'
2026-02-03 16:09:29,025 - httpx - INFO - HTTP Request: POST https://api.telegram.org/bot8250421622:AAH5Sk494L0LJZrTUIniCqxRqq1bOG9-JFg/getUpdates "HTTP/1.1 200 OK"
2026-02-03 16:09:39,154 - httpx - INFO - HTTP Request: POST https://api.telegram.org/bot8250421622:AAH5Sk494L0LJZrTUIniCqxRqq1bOG9-JFg/getUpdates "HTTP/1.1 200 OK"
2026-02-03 16:09:49,317 - httpx - INFO - HTTP Request: POST https://api.telegram.org/bot8250421622:AAH5Sk494L0LJZrTUIniCqxRqq1bOG9-JFg/getUpdates "HTTP/1.1 200 OK"
2026-02-03 16:09:59,989 - httpx - INFO - HTTP Request: POST https://api.telegram.org/bot8250421622:AAH5Sk494L0LJZrTUIniCqxRqq1bOG9-JFg/getUpdates "HTTP/1.1 200 OK"
2026-02-03 16:10:10,261 - httpx - INFO - HTTP Request: POST https://api.telegram.org/bot8250421622:AAH5Sk494L0LJZrTUIniCqxRqq1bOG9-JFg/getUpdates "HTTP/1.1 200 OK"
2026-02-03 16:10:20,520 - httpx - INFO - HTTP Request: POST https://api.telegram.org/bot8250421622:AAH5Sk494L0LJZrTUIniCqxRqq1bOG9-JFg/getUpdates "HTTP/1.1 200 OK"
2026-02-03 16:10:30,634 - httpx - INFO - HTTP Request: POST https://api.telegram.org/bot8250421622:AAH5Sk494L0LJZrTUIniCqxRqq1bOG9-JFg/getUpdates "HTTP/1.1 200 OK"
2026-02-03 16:10:40,912 - httpx - INFO - HTTP Request: POST https://api.telegram.org/bot8250421622:AAH5Sk494L0LJZrTUIniCqxRqq1bOG9-JFg/getUpdates "HTTP/1.1 200 OK"
2026-02-03 16:10:51,144 - httpx - INFO - HTTP Request: POST https://api.telegram.org/bot8250421622:AAH5Sk494L0LJZrTUIniCqxRqq1bOG9-JFg/getUpdates "HTTP/1.1 200 OK"
2026-02-03 16:11:01,300 - httpx - INFO - HTTP Request: POST https://api.telegram.org/bot8250421622:AAH5Sk494L0LJZrTUIniCqxRqq1bOG9-JFg/getUpdates "HTTP/1.1 200 OK"
2026-02-03 16:11:11,430 - httpx - INFO - HTTP Request: POST https://api.telegram.org/bot8250421622:AAH5Sk494L0LJZrTUIniCqxRqq1bOG9-JFg/getUpdates "HTTP/1.1 200 OK"
2026-02-03 16:11:21,767 - httpx - INFO - HTTP Request: POST https://api.telegram.org/bot8250421622:AAH5Sk494L0LJZrTUIniCqxRqq1bOG9-JFg/getUpdates "HTTP/1.1 200 OK"
2026-02-03 16:11:32,011 - httpx - INFO - HTTP Request: POST https://api.telegram.org/bot8250421622:AAH5Sk494L0LJZrTUIniCqxRqq1bOG9-JFg/getUpdates "HTTP/1.1 200 OK"
2026-02-03 16:11:42,244 - httpx - INFO - HTTP Request: POST https://api.telegram.org/bot8250421622:AAH5Sk494L0LJZrTUIniCqxRqq1bOG9-JFg/getUpdates "HTTP/1.1 200 OK"
2026-02-03 16:11:52,473 - httpx - INFO - HTTP Request: POST https://api.telegram.org/bot8250421622:AAH5Sk494L0LJZrTUIniCqxRqq1bOG9-JFg/getUpdates "HTTP/1.1 200 OK"
2026-02-03 16:12:02,587 - httpx - INFO - HTTP Request: POST https://api.telegram.org/bot8250421622:AAH5Sk494L0LJZrTUIniCqxRqq1bOG9-JFg/getUpdates "HTTP/1.1 200 OK"
2026-02-03 16:12:12,804 - httpx - INFO - HTTP Request: POST https://api.telegram.org/bot8250421622:AAH5Sk494L0LJZrTUIniCqxRqq1bOG9-JFg/getUpdates "HTTP/1.1 200 OK"
2026-02-03 16:12:23,106 - httpx - INFO - HTTP Request: POST https://api.telegram.org/bot8250421622:AAH5Sk494L0LJZrTUIniCqxRqq1bOG9-JFg/getUpdates "HTTP/1.1 200 OK"
2026-02-03 16:12:33,296 - httpx - INFO - HTTP Request: POST https://api.telegram.org/bot8250421622:AAH5Sk494L0LJZrTUIniCqxRqq1bOG9-JFg/getUpdates "HTTP/1.1 200 OK"
2026-02-03 16:12:43,461 - httpx - INFO - HTTP Request: POST https://api.telegram.org/bot8250421622:AAH5Sk494L0LJZrTUIniCqxRqq1bOG9-JFg/getUpdates "HTTP/1.1 200 OK"
2026-02-03 16:12:53,830 - httpx - INFO - HTTP Request: POST https://api.telegram.org/bot8250421622:AAH5Sk494L0LJZrTUIniCqxRqq1bOG9-JFg/getUpdates "HTTP/1.1 200 OK"
2026-02-03 16:13:04,146 - httpx - INFO - HTTP Request: POST https://api.telegram.org/bot8250421622:AAH5Sk494L0LJZrTUIniCqxRqq1bOG9-JFg/getUpdates "HTTP/1.1 200 OK"
2026-02-03 16:13:14,310 - httpx - INFO - HTTP Request: POST https://api.telegram.org/bot8250421622:AAH5Sk494L0LJZrTUIniCqxRqq1bOG9-JFg/getUpdates "HTTP/1.1 200 OK"
2026-02-03 16:13:24,653 - httpx - INFO - HTTP Request: POST https://api.telegram.org/bot8250421622:AAH5Sk494L0LJZrTUIniCqxRqq1bOG9-JFg/getUpdates "HTTP/1.1 200 OK"
2026-02-03 16:13:35,073 - httpx - INFO - HTTP Request: POST https://api.telegram.org/bot8250421622:AAH5Sk494L0LJZrTUIniCqxRqq1bOG9-JFg/getUpdates "HTTP/1.1 200 OK"
2026-02-03 16:13:45,381 - httpx - INFO - HTTP Request: POST https://api.telegram.org/bot8250421622:AAH5Sk494L0LJZrTUIniCqxRqq1bOG9-JFg/getUpdates "HTTP/1.1 200 OK"
2026-02-03 16:13:55,652 - httpx - INFO - HTTP Request: POST https://api.telegram.org/bot8250421622:AAH5Sk494L0LJZrTUIniCqxRqq1bOG9-JFg/getUpdates "HTTP/1.1 200 OK"
2026-02-03 16:14:05,776 - httpx - INFO - HTTP Request: POST https://api.telegram.org/bot8250421622:AAH5Sk494L0LJZrTUIniCqxRqq1bOG9-JFg/getUpdates "HTTP/1.1 200 OK"
2026-02-03 16:14:15,976 - httpx - INFO - HTTP Request: POST https://api.telegram.org/bot8250421622:AAH5Sk494L0LJZrTUIniCqxRqq1bOG9-JFg/getUpdates "HTTP/1.1 200 OK"
2026-02-03 16:14:26,179 - httpx - INFO - HTTP Request: POST https://api.telegram.org/bot8250421622:AAH5Sk494L0LJZrTUIniCqxRqq1bOG9-JFg/getUpdates "HTTP/1.1 200 OK"
2026-02-03 16:14:36,365 - httpx - INFO - HTTP Request: POST https://api.telegram.org/bot8250421622:AAH5Sk494L0LJZrTUIniCqxRqq1bOG9-JFg/getUpdates "HTTP/1.1 200 OK"
2026-02-03 16:14:46,699 - httpx - INFO - HTTP Request: POST https://api.telegram.org/bot8250421622:AAH5Sk494L0LJZrTUIniCqxRqq1bOG9-JFg/getUpdates "HTTP/1.1 200 OK"
2026-02-03 16:14:57,329 - httpx - INFO - HTTP Request: POST https://api.telegram.org/bot8250421622:AAH5Sk494L0LJZrTUIniCqxRqq1bOG9-JFg/getUpdates "HTTP/1.1 200 OK"
2026-02-03 16:15:07,520 - httpx - INFO - HTTP Request: POST https://api.telegram.org/bot8250421622:AAH5Sk494L0LJZrTUIniCqxRqq1bOG9-JFg/getUpdates "HTTP/1.1 200 OK"
2026-02-03 16:15:17,817 - httpx - INFO - HTTP Request: POST https://api.telegram.org/bot8250421622:AAH5Sk494L0LJZrTUIniCqxRqq1bOG9-JFg/getUpdates "HTTP/1.1 200 OK"
2026-02-03 16:15:27,947 - httpx - INFO - HTTP Request: POST https://api.telegram.org/bot8250421622:AAH5Sk494L0LJZrTUIniCqxRqq1bOG9-JFg/getUpdates "HTTP/1.1 200 OK"
2026-02-03 16:15:38,183 - httpx - INFO - HTTP Request: POST https://api.telegram.org/bot8250421622:AAH5Sk494L0LJZrTUIniCqxRqq1bOG9-JFg/getUpdates "HTTP/1.1 200 OK"
2026-02-03 16:15:48,519 - httpx - INFO - HTTP Request: POST https://api.telegram.org/bot8250421622:AAH5Sk494L0LJZrTUIniCqxRqq1bOG9-JFg/getUpdates "HTTP/1.1 200 OK"
2026-02-03 16:15:59,374 - httpx - INFO - HTTP Request: POST https://api.telegram.org/bot8250421622:AAH5Sk494L0LJZrTUIniCqxRqq1bOG9-JFg/getUpdates "HTTP/1.1 200 OK"
2026-02-03 16:16:09,521 - httpx - INFO - HTTP Request: POST https://api.telegram.org/bot8250421622:AAH5Sk494L0LJZrTUIniCqxRqq1bOG9-JFg/getUpdates "HTTP/1.1 200 OK"
2026-02-03 16:16:19,697 - httpx - INFO - HTTP Request: POST https://api.telegram.org/bot8250421622:AAH5Sk494L0LJZrTUIniCqxRqq1bOG9-JFg/getUpdates "HTTP/1.1 200 OK"
2026-02-03 16:16:30,401 - httpx - INFO - HTTP Request: POST https://api.telegram.org/bot8250421622:AAH5Sk494L0LJZrTUIniCqxRqq1bOG9-JFg/getUpdates "HTTP/1.1 200 OK"
2026-02-03 16:16:40,749 - httpx - INFO - HTTP Request: POST https://api.telegram.org/bot8250421622:AAH5Sk494L0LJZrTUIniCqxRqq1bOG9-JFg/getUpdates "HTTP/1.1 200 OK"
2026-02-03 16:16:51,094 - httpx - INFO - HTTP Request: POST https://api.telegram.org/bot8250421622:AAH5Sk494L0LJZrTUIniCqxRqq1bOG9-JFg/getUpdates "HTTP/1.1 200 OK"
2026-02-03 16:17:01,438 - httpx - INFO - HTTP Request: POST https://api.telegram.org/bot8250421622:AAH5Sk494L0LJZrTUIniCqxRqq1bOG9-JFg/getUpdates "HTTP/1.1 200 OK"
2026-02-03 16:17:11,611 - httpx - INFO - HTTP Request: POST https://api.telegram.org/bot8250421622:AAH5Sk494L0LJZrTUIniCqxRqq1bOG9-JFg/getUpdates "HTTP/1.1 200 OK"
2026-02-03 16:17:21,813 - httpx - INFO - HTTP Request: POST https://api.telegram.org/bot8250421622:AAH5Sk494L0LJZrTUIniCqxRqq1bOG9-JFg/getUpdates "HTTP/1.1 200 OK"
2026-02-03 16:17:32,116 - httpx - INFO - HTTP Request: POST https://api.telegram.org/bot8250421622:AAH5Sk494L0LJZrTUIniCqxRqq1bOG9-JFg/getUpdates "HTTP/1.1 200 OK"
2026-02-03 16:17:42,500 - httpx - INFO - HTTP Request: POST https://api.telegram.org/bot8250421622:AAH5Sk494L0LJZrTUIniCqxRqq1bOG9-JFg/getUpdates "HTTP/1.1 200 OK"
2026-02-03 16:17:52,769 - httpx - INFO - HTTP Request: POST https://api.telegram.org/bot8250421622:AAH5Sk494L0LJZrTUIniCqxRqq1bOG9-JFg/getUpdates "HTTP/1.1 200 OK"
2026-02-03 16:18:02,983 - httpx - INFO - HTTP Request: POST https://api.telegram.org/bot8250421622:AAH5Sk494L0LJZrTUIniCqxRqq1bOG9-JFg/getUpdates "HTTP/1.1 200 OK"
2026-02-03 16:18:13,321 - httpx - INFO - HTTP Request: POST https://api.telegram.org/bot8250421622:AAH5Sk494L0LJZrTUIniCqxRqq1bOG9-JFg/getUpdates "HTTP/1.1 200 OK"
2026-02-03 16:18:23,462 - httpx - INFO - HTTP Request: POST https://api.telegram.org/bot8250421622:AAH5Sk494L0LJZrTUIniCqxRqq1bOG9-JFg/getUpdates "HTTP/1.1 200 OK"
2026-02-03 16:18:33,669 - httpx - INFO - HTTP Request: POST https://api.telegram.org/bot8250421622:AAH5Sk494L0LJZrTUIniCqxRqq1bOG9-JFg/getUpdates "HTTP/1.1 200 OK"
2026-02-03 16:18:38,884 - httpx - INFO - HTTP Request: POST https://api.telegram.org/bot8250421622:AAH5Sk494L0LJZrTUIniCqxRqq1bOG9-JFg/getUpdates "HTTP/1.1 200 OK"
2026-02-03 16:18:38,888 - telegram.ext.Application - INFO - Application is stopping. This might take a moment.
2026-02-03 16:18:38,890 - apscheduler.scheduler - INFO - Scheduler has been shut down
2026-02-03 16:18:38,901 - telegram.ext.Application - INFO - Application.stop() complete
2026-02-03 16:18:40,924 - __main__ - INFO - Database initialized successfully
2026-02-03 16:18:40,926 - __main__ - INFO - Database initialized successfully
2026-02-03 16:18:40,928 - __main__ - INFO - Reminder scheduler started
2026-02-03 16:18:41,400 - httpx - INFO - HTTP Request: POST https://api.telegram.org/bot8250421622:AAH5Sk494L0LJZrTUIniCqxRqq1bOG9-JFg/getMe "HTTP/1.1 200 OK"
2026-02-03 16:18:41,548 - httpx - INFO - HTTP Request: POST https://api.telegram.org/bot8250421622:AAH5Sk494L0LJZrTUIniCqxRqq1bOG9-JFg/deleteWebhook "HTTP/1.1 200 OK"
2026-02-03 16:18:41,564 - apscheduler.scheduler - INFO - Scheduler started
2026-02-03 16:18:41,565 - telegram.ext.Application - INFO - Application started
2026-02-03 16:18:52,031 - httpx - INFO - HTTP Request: POST https://api.telegram.org/bot8250421622:AAH5Sk494L0LJZrTUIniCqxRqq1bOG9-JFg/getUpdates "HTTP/1.1 200 OK"
2026-02-03 16:19:02,206 - httpx - INFO - HTTP Request: POST https://api.telegram.org/bot8250421622:AAH5Sk494L0LJZrTUIniCqxRqq1bOG9-JFg/getUpdates "HTTP/1.1 200 OK"
2026-02-03 16:19:12,408 - httpx - INFO - HTTP Request: POST https://api.telegram.org/bot8250421622:AAH5Sk494L0LJZrTUIniCqxRqq1bOG9-JFg/getUpdates "HTTP/1.1 200 OK"
2026-02-03 16:19:22,948 - httpx - INFO - HTTP Request: POST https://api.telegram.org/bot8250421622:AAH5Sk494L0LJZrTUIniCqxRqq1bOG9-JFg/getUpdates "HTTP/1.1 200 OK"
2026-02-03 16:19:33,095 - httpx - INFO - HTTP Request: POST https://api.telegram.org/bot8250421622:AAH5Sk494L0LJZrTUIniCqxRqq1bOG9-JFg/getUpdates "HTTP/1.1 200 OK"
2026-02-03 16:19:43,633 - httpx - INFO - HTTP Request: POST https://api.telegram.org/bot8250421622:AAH5Sk494L0LJZrTUIniCqxRqq1bOG9-JFg/getUpdates "HTTP/1.1 200 OK"
2026-02-03 16:19:53,816 - httpx - INFO - HTTP Request: POST https://api.telegram.org/bot8250421622:AAH5Sk494L0LJZrTUIniCqxRqq1bOG9-JFg/getUpdates "HTTP/1.1 200 OK"
2026-02-03 16:20:03,924 - httpx - INFO - HTTP Request: POST https://api.telegram.org/bot8250421622:AAH5Sk494L0LJZrTUIniCqxRqq1bOG9-JFg/getUpdates "HTTP/1.1 200 OK"
2026-02-03 16:20:14,545 - httpx - INFO - HTTP Request: POST https://api.telegram.org/bot8250421622:AAH5Sk494L0LJZrTUIniCqxRqq1bOG9-JFg/getUpdates "HTTP/1.1 200 OK"
2026-02-03 16:20:24,774 - httpx - INFO - HTTP Request: POST https://api.telegram.org/bot8250421622:AAH5Sk494L0LJZrTUIniCqxRqq1bOG9-JFg/getUpdates "HTTP/1.1 200 OK"
2026-02-03 16:20:35,044 - httpx - INFO - HTTP Request: POST https://api.telegram.org/bot8250421622:AAH5Sk494L0LJZrTUIniCqxRqq1bOG9-JFg/getUpdates "HTTP/1.1 200 OK"
2026-02-03 16:20:44,437 - httpx - INFO - HTTP Request: POST https://api.telegram.org/bot8250421622:AAH5Sk494L0LJZrTUIniCqxRqq1bOG9-JFg/getUpdates "HTTP/1.1 200 OK"
2026-02-03 16:20:44,444 - __main__ - ERROR - User add error: table users has no column named is_admin
2026-02-03 16:20:44,848 - httpx - INFO - HTTP Request: POST https://api.telegram.org/bot8250421622:AAH5Sk494L0LJZrTUIniCqxRqq1bOG9-JFg/sendMessage "HTTP/1.1 200 OK"
2026-02-03 16:20:49,539 - httpx - INFO - HTTP Request: POST https://api.telegram.org/bot8250421622:AAH5Sk494L0LJZrTUIniCqxRqq1bOG9-JFg/getUpdates "HTTP/1.1 200 OK"
2026-02-03 16:20:49,894 - httpx - INFO - HTTP Request: POST https://api.telegram.org/bot8250421622:AAH5Sk494L0LJZrTUIniCqxRqq1bOG9-JFg/sendMessage "HTTP/1.1 200 OK"
2026-02-03 16:20:52,350 - httpx - INFO - HTTP Request: POST https://api.telegram.org/bot8250421622:AAH5Sk494L0LJZrTUIniCqxRqq1bOG9-JFg/getUpdates "HTTP/1.1 200 OK"
2026-02-03 16:20:52,556 - httpx - INFO - HTTP Request: POST https://api.telegram.org/bot8250421622:AAH5Sk494L0LJZrTUIniCqxRqq1bOG9-JFg/sendMessage "HTTP/1.1 200 OK"
2026-02-03 16:20:54,942 - httpx - INFO - HTTP Request: POST https://api.telegram.org/bot8250421622:AAH5Sk494L0LJZrTUIniCqxRqq1bOG9-JFg/getUpdates "HTTP/1.1 200 OK"
2026-02-03 16:20:55,212 - httpx - INFO - HTTP Request: POST https://api.telegram.org/bot8250421622:AAH5Sk494L0LJZrTUIniCqxRqq1bOG9-JFg/sendMessage "HTTP/1.1 200 OK"
2026-02-03 16:21:01,792 - httpx - INFO - HTTP Request: POST https://api.telegram.org/bot8250421622:AAH5Sk494L0LJZrTUIniCqxRqq1bOG9-JFg/getUpdates "HTTP/1.1 200 OK"
2026-02-03 16:21:02,699 - httpx - INFO - HTTP Request: POST https://api.telegram.org/bot8250421622:AAH5Sk494L0LJZrTUIniCqxRqq1bOG9-JFg/sendMessage "HTTP/1.1 200 OK"
2026-02-03 16:21:05,952 - httpx - INFO - HTTP Request: POST https://api.telegram.org/bot8250421622:AAH5Sk494L0LJZrTUIniCqxRqq1bOG9-JFg/getUpdates "HTTP/1.1 200 OK"
2026-02-03 16:21:06,211 - httpx - INFO - HTTP Request: POST https://api.telegram.org/bot8250421622:AAH5Sk494L0LJZrTUIniCqxRqq1bOG9-JFg/sendMessage "HTTP/1.1 200 OK"
2026-02-03 16:21:11,539 - httpx - INFO - HTTP Request: POST https://api.telegram.org/bot8250421622:AAH5Sk494L0LJZrTUIniCqxRqq1bOG9-JFg/getUpdates "HTTP/1.1 200 OK"
2026-02-03 16:21:12,853 - httpx - INFO - HTTP Request: POST https://api.telegram.org/bot8250421622:AAH5Sk494L0LJZrTUIniCqxRqq1bOG9-JFg/sendMessage "HTTP/1.1 200 OK"
2026-02-03 16:21:21,663 - httpx - INFO - HTTP Request: POST https://api.telegram.org/bot8250421622:AAH5Sk494L0LJZrTUIniCqxRqq1bOG9-JFg/getUpdates "HTTP/1.1 200 OK"
2026-02-03 16:21:22,656 - httpx - INFO - HTTP Request: POST https://api.telegram.org/bot8250421622:AAH5Sk494L0LJZrTUIniCqxRqq1bOG9-JFg/getUpdates "HTTP/1.1 200 OK"
2026-02-03 16:21:23,247 - httpx - INFO - HTTP Request: POST https://api.telegram.org/bot8250421622:AAH5Sk494L0LJZrTUIniCqxRqq1bOG9-JFg/sendMessage "HTTP/1.1 200 OK"
2026-02-03 16:21:29,742 - httpx - INFO - HTTP Request: POST https://api.telegram.org/bot8250421622:AAH5Sk494L0LJZrTUIniCqxRqq1bOG9-JFg/getUpdates "HTTP/1.1 200 OK"
2026-02-03 16:21:30,550 - httpx - INFO - HTTP Request: POST https://api.telegram.org/bot8250421622:AAH5Sk494L0LJZrTUIniCqxRqq1bOG9-JFg/sendMessage "HTTP/1.1 200 OK"
2026-02-03 16:21:40,314 - httpx - INFO - HTTP Request: POST https://api.telegram.org/bot8250421622:AAH5Sk494L0LJZrTUIniCqxRqq1bOG9-JFg/getUpdates "HTTP/1.1 200 OK"
2026-02-03 16:21:50,425 - httpx - INFO - HTTP Request: POST https://api.telegram.org/bot8250421622:AAH5Sk494L0LJZrTUIniCqxRqq1bOG9-JFg/getUpdates "HTTP/1.1 200 OK"
2026-02-03 16:22:00,861 - httpx - INFO - HTTP Request: POST https://api.telegram.org/bot8250421622:AAH5Sk494L0LJZrTUIniCqxRqq1bOG9-JFg/getUpdates "HTTP/1.1 200 OK"
2026-02-03 16:22:11,202 - httpx - INFO - HTTP Request: POST https://api.telegram.org/bot8250421622:AAH5Sk494L0LJZrTUIniCqxRqq1bOG9-JFg/getUpdates "HTTP/1.1 200 OK"
2026-02-03 16:22:21,340 - httpx - INFO - HTTP Request: POST https://api.telegram.org/bot8250421622:AAH5Sk494L0LJZrTUIniCqxRqq1bOG9-JFg/getUpdates "HTTP/1.1 200 OK"
2026-02-03 16:22:31,673 - httpx - INFO - HTTP Request: POST https://api.telegram.org/bot8250421622:AAH5Sk494L0LJZrTUIniCqxRqq1bOG9-JFg/getUpdates "HTTP/1.1 200 OK"
2026-02-03 16:22:42,057 - httpx - INFO - HTTP Request: POST https://api.telegram.org/bot8250421622:AAH5Sk494L0LJZrTUIniCqxRqq1bOG9-JFg/getUpdates "HTTP/1.1 200 OK"
2026-02-03 16:22:52,373 - httpx - INFO - HTTP Request: POST https://api.telegram.org/bot8250421622:AAH5Sk494L0LJZrTUIniCqxRqq1bOG9-JFg/getUpdates "HTTP/1.1 200 OK"
2026-02-03 16:23:02,543 - httpx - INFO - HTTP Request: POST https://api.telegram.org/bot8250421622:AAH5Sk494L0LJZrTUIniCqxRqq1bOG9-JFg/getUpdates "HTTP/1.1 200 OK"
2026-02-03 16:23:12,655 - httpx - INFO - HTTP Request: POST https://api.telegram.org/bot8250421622:AAH5Sk494L0LJZrTUIniCqxRqq1bOG9-JFg/getUpdates "HTTP/1.1 200 OK"
2026-02-03 16:23:22,806 - httpx - INFO - HTTP Request: POST https://api.telegram.org/bot8250421622:AAH5Sk494L0LJZrTUIniCqxRqq1bOG9-JFg/getUpdates "HTTP/1.1 200 OK"
2026-02-03 16:23:32,987 - httpx - INFO - HTTP Request: POST https://api.telegram.org/bot8250421622:AAH5Sk494L0LJZrTUIniCqxRqq1bOG9-JFg/getUpdates "HTTP/1.1 200 OK"
2026-02-03 16:23:43,121 - httpx - INFO - HTTP Request: POST https://api.telegram.org/bot8250421622:AAH5Sk494L0LJZrTUIniCqxRqq1bOG9-JFg/getUpdates "HTTP/1.1 200 OK"
2026-02-03 16:23:53,232 - httpx - INFO - HTTP Request: POST https://api.telegram.org/bot8250421622:AAH5Sk494L0LJZrTUIniCqxRqq1bOG9-JFg/getUpdates "HTTP/1.1 200 OK"
2026-02-03 16:24:03,537 - httpx - INFO - HTTP Request: POST https://api.telegram.org/bot8250421622:AAH5Sk494L0LJZrTUIniCqxRqq1bOG9-JFg/getUpdates "HTTP/1.1 200 OK"
2026-02-03 16:24:14,000 - httpx - INFO - HTTP Request: POST https://api.telegram.org/bot8250421622:AAH5Sk494L0LJZrTUIniCqxRqq1bOG9-JFg/getUpdates "HTTP/1.1 200 OK"
2026-02-03 16:24:24,157 - httpx - INFO - HTTP Request: POST https://api.telegram.org/bot8250421622:AAH5Sk494L0LJZrTUIniCqxRqq1bOG9-JFg/getUpdates "HTTP/1.1 200 OK"
2026-02-03 16:24:34,358 - httpx - INFO - HTTP Request: POST https://api.telegram.org/bot8250421622:AAH5Sk494L0LJZrTUIniCqxRqq1bOG9-JFg/getUpdates "HTTP/1.1 200 OK"
2026-02-03 16:24:44,638 - httpx - INFO - HTTP Request: POST https://api.telegram.org/bot8250421622:AAH5Sk494L0LJZrTUIniCqxRqq1bOG9-JFg/getUpdates "HTTP/1.1 200 OK"
2026-02-03 16:24:54,818 - httpx - INFO - HTTP Request: POST https://api.telegram.org/bot8250421622:AAH5Sk494L0LJZrTUIniCqxRqq1bOG9-JFg/getUpdates "HTTP/1.1 200 OK"
2026-02-03 16:25:05,077 - httpx - INFO - HTTP Request: POST https://api.telegram.org/bot8250421622:AAH5Sk494L0LJZrTUIniCqxRqq1bOG9-JFg/getUpdates "HTTP/1.1 200 OK"
2026-02-03 16:25:15,317 - httpx - INFO - HTTP Request: POST https://api.telegram.org/bot8250421622:AAH5Sk494L0LJZrTUIniCqxRqq1bOG9-JFg/getUpdates "HTTP/1.1 200 OK"
2026-02-03 16:25:25,471 - httpx - INFO - HTTP Request: POST https://api.telegram.org/bot8250421622:AAH5Sk494L0LJZrTUIniCqxRqq1bOG9-JFg/getUpdates "HTTP/1.1 200 OK"
2026-02-03 16:25:35,789 - httpx - INFO - HTTP Request: POST https://api.telegram.org/bot8250421622:AAH5Sk494L0LJZrTUIniCqxRqq1bOG9-JFg/getUpdates "HTTP/1.1 200 OK"
2026-02-03 16:25:45,996 - httpx - INFO - HTTP Request: POST https://api.telegram.org/bot8250421622:AAH5Sk494L0LJZrTUIniCqxRqq1bOG9-JFg/getUpdates "HTTP/1.1 200 OK"
2026-02-03 16:25:56,108 - httpx - INFO - HTTP Request: POST https://api.telegram.org/bot8250421622:AAH5Sk494L0LJZrTUIniCqxRqq1bOG9-JFg/getUpdates "HTTP/1.1 200 OK"
2026-02-03 16:26:06,215 - httpx - INFO - HTTP Request: POST https://api.telegram.org/bot8250421622:AAH5Sk494L0LJZrTUIniCqxRqq1bOG9-JFg/getUpdates "HTTP/1.1 200 OK"
2026-02-03 16:26:16,647 - httpx - INFO - HTTP Request: POST https://api.telegram.org/bot8250421622:AAH5Sk494L0LJZrTUIniCqxRqq1bOG9-JFg/getUpdates "HTTP/1.1 200 OK"
2026-02-03 16:26:26,829 - httpx - INFO - HTTP Request: POST https://api.telegram.org/bot8250421622:AAH5Sk494L0LJZrTUIniCqxRqq1bOG9-JFg/getUpdates "HTTP/1.1 200 OK"
2026-02-03 16:26:36,967 - httpx - INFO - HTTP Request: POST https://api.telegram.org/bot8250421622:AAH5Sk494L0LJZrTUIniCqxRqq1bOG9-JFg/getUpdates "HTTP/1.1 200 OK"
2026-02-03 16:26:47,173 - httpx - INFO - HTTP Request: POST https://api.telegram.org/bot8250421622:AAH5Sk494L0LJZrTUIniCqxRqq1bOG9-JFg/getUpdates "HTTP/1.1 200 OK"
2026-02-03 16:26:57,505 - httpx - INFO - HTTP Request: POST https://api.telegram.org/bot8250421622:AAH5Sk494L0LJZrTUIniCqxRqq1bOG9-JFg/getUpdates "HTTP/1.1 200 OK"
2026-02-03 16:27:07,759 - httpx - INFO - HTTP Request: POST https://api.telegram.org/bot8250421622:AAH5Sk494L0LJZrTUIniCqxRqq1bOG9-JFg/getUpdates "HTTP/1.1 200 OK"
2026-02-03 16:27:17,927 - httpx - INFO - HTTP Request: POST https://api.telegram.org/bot8250421622:AAH5Sk494L0LJZrTUIniCqxRqq1bOG9-JFg/getUpdates "HTTP/1.1 200 OK"
2026-02-03 16:27:28,127 - httpx - INFO - HTTP Request: POST https://api.telegram.org/bot8250421622:AAH5Sk494L0LJZrTUIniCqxRqq1bOG9-JFg/getUpdates "HTTP/1.1 200 OK"
2026-02-03 16:27:38,278 - httpx - INFO - HTTP Request: POST https://api.telegram.org/bot8250421622:AAH5Sk494L0LJZrTUIniCqxRqq1bOG9-JFg/getUpdates "HTTP/1.1 200 OK"
2026-02-03 16:27:48,563 - httpx - INFO - HTTP Request: POST https://api.telegram.org/bot8250421622:AAH5Sk494L0LJZrTUIniCqxRqq1bOG9-JFg/getUpdates "HTTP/1.1 200 OK"
2026-02-03 16:27:58,814 - httpx - INFO - HTTP Request: POST https://api.telegram.org/bot8250421622:AAH5Sk494L0LJZrTUIniCqxRqq1bOG9-JFg/getUpdates "HTTP/1.1 200 OK"
2026-02-03 16:28:09,497 - httpx - INFO - HTTP Request: POST https://api.telegram.org/bot8250421622:AAH5Sk494L0LJZrTUIniCqxRqq1bOG9-JFg/getUpdates "HTTP/1.1 200 OK"
2026-02-03 16:28:19,681 - httpx - INFO - HTTP Request: POST https://api.telegram.org/bot8250421622:AAH5Sk494L0LJZrTUIniCqxRqq1bOG9-JFg/getUpdates "HTTP/1.1 200 OK"
2026-02-03 16:28:29,916 - httpx - INFO - HTTP Request: POST https://api.telegram.org/bot8250421622:AAH5Sk494L0LJZrTUIniCqxRqq1bOG9-JFg/getUpdates "HTTP/1.1 200 OK"
2026-02-03 16:28:40,280 - httpx - INFO - HTTP Request: POST https://api.telegram.org/bot8250421622:AAH5Sk494L0LJZrTUIniCqxRqq1bOG9-JFg/getUpdates "HTTP/1.1 200 OK"
2026-02-03 16:28:50,404 - httpx - INFO - HTTP Request: POST https://api.telegram.org/bot8250421622:AAH5Sk494L0LJZrTUIniCqxRqq1bOG9-JFg/getUpdates "HTTP/1.1 200 OK"
2026-02-03 16:29:00,516 - httpx - INFO - HTTP Request: POST https://api.telegram.org/bot8250421622:AAH5Sk494L0LJZrTUIniCqxRqq1bOG9-JFg/getUpdates "HTTP/1.1 200 OK"
2026-02-03 16:29:11,052 - httpx - INFO - HTTP Request: POST https://api.telegram.org/bot8250421622:AAH5Sk494L0LJZrTUIniCqxRqq1bOG9-JFg/getUpdates "HTTP/1.1 200 OK"
2026-02-03 16:29:21,188 - httpx - INFO - HTTP Request: POST https://api.telegram.org/bot8250421622:AAH5Sk494L0LJZrTUIniCqxRqq1bOG9-JFg/getUpdates "HTTP/1.1 200 OK"
2026-02-03 16:29:31,382 - httpx - INFO - HTTP Request: POST https://api.telegram.org/bot8250421622:AAH5Sk494L0LJZrTUIniCqxRqq1bOG9-JFg/getUpdates "HTTP/1.1 200 OK"
2026-02-03 16:29:41,595 - httpx - INFO - HTTP Request: POST https://api.telegram.org/bot8250421622:AAH5Sk494L0LJZrTUIniCqxRqq1bOG9-JFg/getUpdates "HTTP/1.1 200 OK"
2026-02-03 16:29:51,803 - httpx - INFO - HTTP Request: POST https://api.telegram.org/bot8250421622:AAH5Sk494L0LJZrTUIniCqxRqq1bOG9-JFg/getUpdates "HTTP/1.1 200 OK"
2026-02-03 16:30:02,146 - httpx - INFO - HTTP Request: POST https://api.telegram.org/bot8250421622:AAH5Sk494L0LJZrTUIniCqxRqq1bOG9-JFg/getUpdates "HTTP/1.1 200 OK"
2026-02-03 16:30:12,795 - httpx - INFO - HTTP Request: POST https://api.telegram.org/bot8250421622:AAH5Sk494L0LJZrTUIniCqxRqq1bOG9-JFg/getUpdates "HTTP/1.1 200 OK"
2026-02-03 16:30:23,020 - httpx - INFO - HTTP Request: POST https://api.telegram.org/bot8250421622:AAH5Sk494L0LJZrTUIniCqxRqq1bOG9-JFg/getUpdates "HTTP/1.1 200 OK"
2026-02-03 16:30:33,399 - httpx - INFO - HTTP Request: POST https://api.telegram.org/bot8250421622:AAH5Sk494L0LJZrTUIniCqxRqq1bOG9-JFg/getUpdates "HTTP/1.1 200 OK"
2026-02-03 16:30:44,914 - httpx - INFO - HTTP Request: POST https://api.telegram.org/bot8250421622:AAH5Sk494L0LJZrTUIniCqxRqq1bOG9-JFg/getUpdates "HTTP/1.1 200 OK"
2026-02-03 16:30:55,446 - httpx - INFO - HTTP Request: POST https://api.telegram.org/bot8250421622:AAH5Sk494L0LJZrTUIniCqxRqq1bOG9-JFg/getUpdates "HTTP/1.1 200 OK"
2026-02-03 16:31:05,744 - httpx - INFO - HTTP Request: POST https://api.telegram.org/bot8250421622:AAH5Sk494L0LJZrTUIniCqxRqq1bOG9-JFg/getUpdates "HTTP/1.1 200 OK"
2026-02-03 16:31:16,431 - httpx - INFO - HTTP Request: POST https://api.telegram.org/bot8250421622:AAH5Sk494L0LJZrTUIniCqxRqq1bOG9-JFg/getUpdates "HTTP/1.1 200 OK"
2026-02-03 16:31:26,712 - httpx - INFO - HTTP Request: POST https://api.telegram.org/bot8250421622:AAH5Sk494L0LJZrTUIniCqxRqq1bOG9-JFg/getUpdates "HTTP/1.1 200 OK"
2026-02-03 16:31:37,113 - httpx - INFO - HTTP Request: POST https://api.telegram.org/bot8250421622:AAH5Sk494L0LJZrTUIniCqxRqq1bOG9-JFg/getUpdates "HTTP/1.1 200 OK"
2026-02-03 16:31:47,525 - httpx - INFO - HTTP Request: POST https://api.telegram.org/bot8250421622:AAH5Sk494L0LJZrTUIniCqxRqq1bOG9-JFg/getUpdates "HTTP/1.1 200 OK"
2026-02-03 16:31:57,714 - httpx - INFO - HTTP Request: POST https://api.telegram.org/bot8250421622:AAH5Sk494L0LJZrTUIniCqxRqq1bOG9-JFg/getUpdates "HTTP/1.1 200 OK"
2026-02-03 16:32:08,165 - httpx - INFO - HTTP Request: POST https://api.telegram.org/bot8250421622:AAH5Sk494L0LJZrTUIniCqxRqq1bOG9-JFg/getUpdates "HTTP/1.1 200 OK"
2026-02-03 16:32:22,234 - httpx - INFO - HTTP Request: POST https://api.telegram.org/bot8250421622:AAH5Sk494L0LJZrTUIniCqxRqq1bOG9-JFg/getUpdates "HTTP/1.1 200 OK"
2026-02-03 16:32:32,361 - httpx - INFO - HTTP Request: POST https://api.telegram.org/bot8250421622:AAH5Sk494L0LJZrTUIniCqxRqq1bOG9-JFg/getUpdates "HTTP/1.1 200 OK"
2026-02-03 16:32:42,474 - httpx - INFO - HTTP Request: POST https://api.telegram.org/bot8250421622:AAH5Sk494L0LJZrTUIniCqxRqq1bOG9-JFg/getUpdates "HTTP/1.1 200 OK"
2026-02-03 16:32:52,584 - httpx - INFO - HTTP Request: POST https://api.telegram.org/bot8250421622:AAH5Sk494L0LJZrTUIniCqxRqq1bOG9-JFg/getUpdates "HTTP/1.1 200 OK"
2026-02-03 16:33:02,706 - httpx - INFO - HTTP Request: POST https://api.telegram.org/bot8250421622:AAH5Sk494L0LJZrTUIniCqxRqq1bOG9-JFg/getUpdates "HTTP/1.1 200 OK"
2026-02-03 16:33:12,817 - httpx - INFO - HTTP Request: POST https://api.telegram.org/bot8250421622:AAH5Sk494L0LJZrTUIniCqxRqq1bOG9-JFg/getUpdates "HTTP/1.1 200 OK"
2026-02-03 16:33:22,925 - httpx - INFO - HTTP Request: POST https://api.telegram.org/bot8250421622:AAH5Sk494L0LJZrTUIniCqxRqq1bOG9-JFg/getUpdates "HTTP/1.1 200 OK"
2026-02-03 16:33:33,038 - httpx - INFO - HTTP Request: POST https://api.telegram.org/bot8250421622:AAH5Sk494L0LJZrTUIniCqxRqq1bOG9-JFg/getUpdates "HTTP/1.1 200 OK"
2026-02-03 16:33:43,151 - httpx - INFO - HTTP Request: POST https://api.telegram.org/bot8250421622:AAH5Sk494L0LJZrTUIniCqxRqq1bOG9-JFg/getUpdates "HTTP/1.1 200 OK"
2026-02-03 16:33:53,265 - httpx - INFO - HTTP Request: POST https://api.telegram.org/bot8250421622:AAH5Sk494L0LJZrTUIniCqxRqq1bOG9-JFg/getUpdates "HTTP/1.1 200 OK"
2026-02-03 16:34:03,372 - httpx - INFO - HTTP Request: POST https://api.telegram.org/bot8250421622:AAH5Sk494L0LJZrTUIniCqxRqq1bOG9-JFg/getUpdates "HTTP/1.1 200 OK"
2026-02-03 16:34:13,481 - httpx - INFO - HTTP Request: POST https://api.telegram.org/bot8250421622:AAH5Sk494L0LJZrTUIniCqxRqq1bOG9-JFg/getUpdates "HTTP/1.1 200 OK"
2026-02-03 16:34:23,593 - httpx - INFO - HTTP Request: POST https://api.telegram.org/bot8250421622:AAH5Sk494L0LJZrTUIniCqxRqq1bOG9-JFg/getUpdates "HTTP/1.1 200 OK"
2026-02-03 16:34:33,719 - httpx - INFO - HTTP Request: POST https://api.telegram.org/bot8250421622:AAH5Sk494L0LJZrTUIniCqxRqq1bOG9-JFg/getUpdates "HTTP/1.1 200 OK"
2026-02-03 16:34:43,827 - httpx - INFO - HTTP Request: POST https://api.telegram.org/bot8250421622:AAH5Sk494L0LJZrTUIniCqxRqq1bOG9-JFg/getUpdates "HTTP/1.1 200 OK"
2026-02-03 16:34:53,933 - httpx - INFO - HTTP Request: POST https://api.telegram.org/bot8250421622:AAH5Sk494L0LJZrTUIniCqxRqq1bOG9-JFg/getUpdates "HTTP/1.1 200 OK"
2026-02-03 16:35:04,038 - httpx - INFO - HTTP Request: POST https://api.telegram.org/bot8250421622:AAH5Sk494L0LJZrTUIniCqxRqq1bOG9-JFg/getUpdates "HTTP/1.1 200 OK"
2026-02-03 16:35:14,400 - httpx - INFO - HTTP Request: POST https://api.telegram.org/bot8250421622:AAH5Sk494L0LJZrTUIniCqxRqq1bOG9-JFg/getUpdates "HTTP/1.1 200 OK"
2026-02-03 16:35:24,511 - httpx - INFO - HTTP Request: POST https://api.telegram.org/bot8250421622:AAH5Sk494L0LJZrTUIniCqxRqq1bOG9-JFg/getUpdates "HTTP/1.1 200 OK"
2026-02-03 16:35:34,936 - httpx - INFO - HTTP Request: POST https://api.telegram.org/bot8250421622:AAH5Sk494L0LJZrTUIniCqxRqq1bOG9-JFg/getUpdates "HTTP/1.1 200 OK"
2026-02-03 16:35:45,049 - httpx - INFO - HTTP Request: POST https://api.telegram.org/bot8250421622:AAH5Sk494L0LJZrTUIniCqxRqq1bOG9-JFg/getUpdates "HTTP/1.1 200 OK"
2026-02-03 16:35:55,161 - httpx - INFO - HTTP Request: POST https://api.telegram.org/bot8250421622:AAH5Sk494L0LJZrTUIniCqxRqq1bOG9-JFg/getUpdates "HTTP/1.1 200 OK"
2026-02-03 16:36:05,271 - httpx - INFO - HTTP Request: POST https://api.telegram.org/bot8250421622:AAH5Sk494L0LJZrTUIniCqxRqq1bOG9-JFg/getUpdates "HTTP/1.1 200 OK"
2026-02-03 16:36:15,473 - httpx - INFO - HTTP Request: POST https://api.telegram.org/bot8250421622:AAH5Sk494L0LJZrTUIniCqxRqq1bOG9-JFg/getUpdates "HTTP/1.1 200 OK"
2026-02-03 16:36:25,647 - httpx - INFO - HTTP Request: POST https://api.telegram.org/bot8250421622:AAH5Sk494L0LJZrTUIniCqxRqq1bOG9-JFg/getUpdates "HTTP/1.1 200 OK"
2026-02-03 16:36:35,777 - httpx - INFO - HTTP Request: POST https://api.telegram.org/bot8250421622:AAH5Sk494L0LJZrTUIniCqxRqq1bOG9-JFg/getUpdates "HTTP/1.1 200 OK"
2026-02-03 16:36:45,892 - httpx - INFO - HTTP Request: POST https://api.telegram.org/bot8250421622:AAH5Sk494L0LJZrTUIniCqxRqq1bOG9-JFg/getUpdates "HTTP/1.1 200 OK"
2026-02-03 16:36:56,006 - httpx - INFO - HTTP Request: POST https://api.telegram.org/bot8250421622:AAH5Sk494L0LJZrTUIniCqxRqq1bOG9-JFg/getUpdates "HTTP/1.1 200 OK"
2026-02-03 16:37:06,119 - httpx - INFO - HTTP Request: POST https://api.telegram.org/bot8250421622:AAH5Sk494L0LJZrTUIniCqxRqq1bOG9-JFg/getUpdates "HTTP/1.1 200 OK"
2026-02-03 16:37:16,229 - httpx - INFO - HTTP Request: POST https://api.telegram.org/bot8250421622:AAH5Sk494L0LJZrTUIniCqxRqq1bOG9-JFg/getUpdates "HTTP/1.1 200 OK"
2026-02-03 16:37:26,337 - httpx - INFO - HTTP Request: POST https://api.telegram.org/bot8250421622:AAH5Sk494L0LJZrTUIniCqxRqq1bOG9-JFg/getUpdates "HTTP/1.1 200 OK"
2026-02-03 16:37:36,868 - httpx - INFO - HTTP Request: POST https://api.telegram.org/bot8250421622:AAH5Sk494L0LJZrTUIniCqxRqq1bOG9-JFg/getUpdates "HTTP/1.1 200 OK"
2026-02-03 16:37:47,083 - httpx - INFO - HTTP Request: POST https://api.telegram.org/bot8250421622:AAH5Sk494L0LJZrTUIniCqxRqq1bOG9-JFg/getUpdates "HTTP/1.1 200 OK"
2026-02-03 16:37:57,694 - httpx - INFO - HTTP Request: POST https://api.telegram.org/bot8250421622:AAH5Sk494L0LJZrTUIniCqxRqq1bOG9-JFg/getUpdates "HTTP/1.1 200 OK"
2026-02-03 16:38:07,876 - httpx - INFO - HTTP Request: POST https://api.telegram.org/bot8250421622:AAH5Sk494L0LJZrTUIniCqxRqq1bOG9-JFg/getUpdates "HTTP/1.1 200 OK"
2026-02-03 16:38:17,979 - httpx - INFO - HTTP Request: POST https://api.telegram.org/bot8250421622:AAH5Sk494L0LJZrTUIniCqxRqq1bOG9-JFg/getUpdates "HTTP/1.1 200 OK"
2026-02-03 16:38:28,094 - httpx - INFO - HTTP Request: POST https://api.telegram.org/bot8250421622:AAH5Sk494L0LJZrTUIniCqxRqq1bOG9-JFg/getUpdates "HTTP/1.1 200 OK"
2026-02-03 16:38:38,215 - httpx - INFO - HTTP Request: POST https://api.telegram.org/bot8250421622:AAH5Sk494L0LJZrTUIniCqxRqq1bOG9-JFg/getUpdates "HTTP/1.1 200 OK"
2026-02-03 16:38:48,337 - httpx - INFO - HTTP Request: POST https://api.telegram.org/bot8250421622:AAH5Sk494L0LJZrTUIniCqxRqq1bOG9-JFg/getUpdates "HTTP/1.1 200 OK"
2026-02-03 16:38:58,458 - httpx - INFO - HTTP Request: POST https://api.telegram.org/bot8250421622:AAH5Sk494L0LJZrTUIniCqxRqq1bOG9-JFg/getUpdates "HTTP/1.1 200 OK"
2026-02-03 16:39:08,567 - httpx - INFO - HTTP Request: POST https://api.telegram.org/bot8250421622:AAH5Sk494L0LJZrTUIniCqxRqq1bOG9-JFg/getUpdates "HTTP/1.1 200 OK"
2026-02-03 16:39:18,698 - httpx - INFO - HTTP Request: POST https://api.telegram.org/bot8250421622:AAH5Sk494L0LJZrTUIniCqxRqq1bOG9-JFg/getUpdates "HTTP/1.1 200 OK"
2026-02-03 16:39:28,808 - httpx - INFO - HTTP Request: POST https://api.telegram.org/bot8250421622:AAH5Sk494L0LJZrTUIniCqxRqq1bOG9-JFg/getUpdates "HTTP/1.1 200 OK"
2026-02-03 16:39:38,920 - httpx - INFO - HTTP Request: POST https://api.telegram.org/bot8250421622:AAH5Sk494L0LJZrTUIniCqxRqq1bOG9-JFg/getUpdates "HTTP/1.1 200 OK"
2026-02-03 16:39:49,037 - httpx - INFO - HTTP Request: POST https://api.telegram.org/bot8250421622:AAH5Sk494L0LJZrTUIniCqxRqq1bOG9-JFg/getUpdates "HTTP/1.1 200 OK"
2026-02-03 16:39:59,150 - httpx - INFO - HTTP Request: POST https://api.telegram.org/bot8250421622:AAH5Sk494L0LJZrTUIniCqxRqq1bOG9-JFg/getUpdates "HTTP/1.1 200 OK"
2026-02-03 16:40:09,259 - httpx - INFO - HTTP Request: POST https://api.telegram.org/bot8250421622:AAH5Sk494L0LJZrTUIniCqxRqq1bOG9-JFg/getUpdates "HTTP/1.1 200 OK"
2026-02-03 16:40:19,395 - httpx - INFO - HTTP Request: POST https://api.telegram.org/bot8250421622:AAH5Sk494L0LJZrTUIniCqxRqq1bOG9-JFg/getUpdates "HTTP/1.1 200 OK"
2026-02-03 16:40:29,502 - httpx - INFO - HTTP Request: POST https://api.telegram.org/bot8250421622:AAH5Sk494L0LJZrTUIniCqxRqq1bOG9-JFg/getUpdates "HTTP/1.1 200 OK"
2026-02-03 16:40:39,621 - httpx - INFO - HTTP Request: POST https://api.telegram.org/bot8250421622:AAH5Sk494L0LJZrTUIniCqxRqq1bOG9-JFg/getUpdates "HTTP/1.1 200 OK"
2026-02-03 16:40:49,768 - httpx - INFO - HTTP Request: POST https://api.telegram.org/bot8250421622:AAH5Sk494L0LJZrTUIniCqxRqq1bOG9-JFg/getUpdates "HTTP/1.1 200 OK"
2026-02-03 16:40:56,903 - httpx - INFO - HTTP Request: POST https://api.telegram.org/bot8250421622:AAH5Sk494L0LJZrTUIniCqxRqq1bOG9-JFg/getUpdates "HTTP/1.1 200 OK"
2026-02-03 16:40:56,907 - telegram.ext.Application - INFO - Application is stopping. This might take a moment.
2026-02-03 16:40:56,909 - apscheduler.scheduler - INFO - Scheduler has been shut down
2026-02-03 16:40:56,922 - telegram.ext.Application - INFO - Application.stop() complete
2026-02-03 16:41:00,518 - __main__ - INFO - Database initialized successfully (With Income)
2026-02-03 16:41:00,520 - __main__ - INFO - Database initialized successfully (With Income)
2026-02-03 16:41:00,521 - __main__ - INFO - Reminder scheduler started
2026-02-03 16:41:00,994 - httpx - INFO - HTTP Request: POST https://api.telegram.org/bot8250421622:AAH5Sk494L0LJZrTUIniCqxRqq1bOG9-JFg/getMe "HTTP/1.1 200 OK"
2026-02-03 16:41:01,105 - httpx - INFO - HTTP Request: POST https://api.telegram.org/bot8250421622:AAH5Sk494L0LJZrTUIniCqxRqq1bOG9-JFg/deleteWebhook "HTTP/1.1 200 OK"
2026-02-03 16:41:01,113 - apscheduler.scheduler - INFO - Scheduler started
2026-02-03 16:41:01,115 - telegram.ext.Application - INFO - Application started
2026-02-03 16:41:11,448 - httpx - INFO - HTTP Request: POST https://api.telegram.org/bot8250421622:AAH5Sk494L0LJZrTUIniCqxRqq1bOG9-JFg/getUpdates "HTTP/1.1 200 OK"
2026-02-03 16:41:20,019 - httpx - INFO - HTTP Request: POST https://api.telegram.org/bot8250421622:AAH5Sk494L0LJZrTUIniCqxRqq1bOG9-JFg/getUpdates "HTTP/1.1 200 OK"
2026-02-03 16:41:20,025 - __main__ - ERROR - User add error: table users has no column named is_admin
2026-02-03 16:41:20,403 - httpx - INFO - HTTP Request: POST https://api.telegram.org/bot8250421622:AAH5Sk494L0LJZrTUIniCqxRqq1bOG9-JFg/sendMessage "HTTP/1.1 200 OK"
2026-02-03 16:41:27,794 - httpx - INFO - HTTP Request: POST https://api.telegram.org/bot8250421622:AAH5Sk494L0LJZrTUIniCqxRqq1bOG9-JFg/getUpdates "HTTP/1.1 200 OK"
2026-02-03 16:41:28,170 - httpx - INFO - HTTP Request: POST https://api.telegram.org/bot8250421622:AAH5Sk494L0LJZrTUIniCqxRqq1bOG9-JFg/sendMessage "HTTP/1.1 200 OK"
2026-02-03 16:41:30,973 - httpx - INFO - HTTP Request: POST https://api.telegram.org/bot8250421622:AAH5Sk494L0LJZrTUIniCqxRqq1bOG9-JFg/getUpdates "HTTP/1.1 200 OK"
2026-02-03 16:41:31,417 - httpx - INFO - HTTP Request: POST https://api.telegram.org/bot8250421622:AAH5Sk494L0LJZrTUIniCqxRqq1bOG9-JFg/sendMessage "HTTP/1.1 200 OK"
2026-02-03 16:41:32,288 - httpx - INFO - HTTP Request: POST https://api.telegram.org/bot8250421622:AAH5Sk494L0LJZrTUIniCqxRqq1bOG9-JFg/getUpdates "HTTP/1.1 200 OK"
2026-02-03 16:41:32,427 - httpx - INFO - HTTP Request: POST https://api.telegram.org/bot8250421622:AAH5Sk494L0LJZrTUIniCqxRqq1bOG9-JFg/sendMessage "HTTP/1.1 200 OK"
2026-02-03 16:41:33,388 - httpx - INFO - HTTP Request: POST https://api.telegram.org/bot8250421622:AAH5Sk494L0LJZrTUIniCqxRqq1bOG9-JFg/getUpdates "HTTP/1.1 200 OK"
2026-02-03 16:41:33,521 - httpx - INFO - HTTP Request: POST https://api.telegram.org/bot8250421622:AAH5Sk494L0LJZrTUIniCqxRqq1bOG9-JFg/sendMessage "HTTP/1.1 200 OK"
2026-02-03 16:41:43,511 - httpx - INFO - HTTP Request: POST https://api.telegram.org/bot8250421622:AAH5Sk494L0LJZrTUIniCqxRqq1bOG9-JFg/getUpdates "HTTP/1.1 200 OK"
2026-02-03 16:41:50,042 - httpx - INFO - HTTP Request: POST https://api.telegram.org/bot8250421622:AAH5Sk494L0LJZrTUIniCqxRqq1bOG9-JFg/getUpdates "HTTP/1.1 200 OK"
2026-02-03 16:41:50,766 - httpx - INFO - HTTP Request: POST https://api.telegram.org/bot8250421622:AAH5Sk494L0LJZrTUIniCqxRqq1bOG9-JFg/sendMessage "HTTP/1.1 200 OK"
2026-02-03 16:41:55,005 - httpx - INFO - HTTP Request: POST https://api.telegram.org/bot8250421622:AAH5Sk494L0LJZrTUIniCqxRqq1bOG9-JFg/getUpdates "HTTP/1.1 200 OK"
2026-02-03 16:41:55,146 - httpx - INFO - HTTP Request: POST https://api.telegram.org/bot8250421622:AAH5Sk494L0LJZrTUIniCqxRqq1bOG9-JFg/sendMessage "HTTP/1.1 200 OK"
2026-02-03 16:42:05,117 - httpx - INFO - HTTP Request: POST https://api.telegram.org/bot8250421622:AAH5Sk494L0LJZrTUIniCqxRqq1bOG9-JFg/getUpdates "HTTP/1.1 200 OK"
2026-02-03 16:42:15,225 - httpx - INFO - HTTP Request: POST https://api.telegram.org/bot8250421622:AAH5Sk494L0LJZrTUIniCqxRqq1bOG9-JFg/getUpdates "HTTP/1.1 200 OK"
2026-02-03 16:42:25,337 - httpx - INFO - HTTP Request: POST https://api.telegram.org/bot8250421622:AAH5Sk494L0LJZrTUIniCqxRqq1bOG9-JFg/getUpdates "HTTP/1.1 200 OK"
2026-02-03 16:42:35,445 - httpx - INFO - HTTP Request: POST https://api.telegram.org/bot8250421622:AAH5Sk494L0LJZrTUIniCqxRqq1bOG9-JFg/getUpdates "HTTP/1.1 200 OK"
2026-02-03 16:42:45,968 - httpx - INFO - HTTP Request: POST https://api.telegram.org/bot8250421622:AAH5Sk494L0LJZrTUIniCqxRqq1bOG9-JFg/getUpdates "HTTP/1.1 200 OK"
2026-02-03 16:42:46,098 - httpx - INFO - HTTP Request: POST https://api.telegram.org/bot8250421622:AAH5Sk494L0LJZrTUIniCqxRqq1bOG9-JFg/getUpdates "HTTP/1.1 200 OK"
2026-02-03 16:42:46,457 - httpx - INFO - HTTP Request: POST https://api.telegram.org/bot8250421622:AAH5Sk494L0LJZrTUIniCqxRqq1bOG9-JFg/sendMessage "HTTP/1.1 200 OK"
2026-02-03 16:42:51,737 - httpx - INFO - HTTP Request: POST https://api.telegram.org/bot8250421622:AAH5Sk494L0LJZrTUIniCqxRqq1bOG9-JFg/getUpdates "HTTP/1.1 200 OK"
2026-02-03 16:42:52,088 - httpx - INFO - HTTP Request: POST https://api.telegram.org/bot8250421622:AAH5Sk494L0LJZrTUIniCqxRqq1bOG9-JFg/sendMessage "HTTP/1.1 200 OK"
2026-02-03 16:42:56,625 - httpx - INFO - HTTP Request: POST https://api.telegram.org/bot8250421622:AAH5Sk494L0LJZrTUIniCqxRqq1bOG9-JFg/getUpdates "HTTP/1.1 200 OK"
2026-02-03 16:42:56,761 - httpx - INFO - HTTP Request: POST https://api.telegram.org/bot8250421622:AAH5Sk494L0LJZrTUIniCqxRqq1bOG9-JFg/sendMessage "HTTP/1.1 200 OK"
2026-02-03 16:42:58,301 - httpx - INFO - HTTP Request: POST https://api.telegram.org/bot8250421622:AAH5Sk494L0LJZrTUIniCqxRqq1bOG9-JFg/getUpdates "HTTP/1.1 200 OK"
2026-02-03 16:42:58,441 - httpx - INFO - HTTP Request: POST https://api.telegram.org/bot8250421622:AAH5Sk494L0LJZrTUIniCqxRqq1bOG9-JFg/sendMessage "HTTP/1.1 200 OK"
2026-02-03 16:43:08,577 - httpx - INFO - HTTP Request: POST https://api.telegram.org/bot8250421622:AAH5Sk494L0LJZrTUIniCqxRqq1bOG9-JFg/getUpdates "HTTP/1.1 200 OK"
2026-02-03 16:43:18,690 - httpx - INFO - HTTP Request: POST https://api.telegram.org/bot8250421622:AAH5Sk494L0LJZrTUIniCqxRqq1bOG9-JFg/getUpdates "HTTP/1.1 200 OK"
2026-02-03 16:43:28,800 - httpx - INFO - HTTP Request: POST https://api.telegram.org/bot8250421622:AAH5Sk494L0LJZrTUIniCqxRqq1bOG9-JFg/getUpdates "HTTP/1.1 200 OK"
2026-02-03 16:43:38,912 - httpx - INFO - HTTP Request: POST https://api.telegram.org/bot8250421622:AAH5Sk494L0LJZrTUIniCqxRqq1bOG9-JFg/getUpdates "HTTP/1.1 200 OK"
2026-02-03 16:43:49,020 - httpx - INFO - HTTP Request: POST https://api.telegram.org/bot8250421622:AAH5Sk494L0LJZrTUIniCqxRqq1bOG9-JFg/getUpdates "HTTP/1.1 200 OK"
2026-02-03 16:43:59,136 - httpx - INFO - HTTP Request: POST https://api.telegram.org/bot8250421622:AAH5Sk494L0LJZrTUIniCqxRqq1bOG9-JFg/getUpdates "HTTP/1.1 200 OK"
2026-02-03 16:44:00,202 - httpx - INFO - HTTP Request: POST https://api.telegram.org/bot8250421622:AAH5Sk494L0LJZrTUIniCqxRqq1bOG9-JFg/getUpdates "HTTP/1.1 200 OK"
2026-02-03 16:44:00,573 - httpx - INFO - HTTP Request: POST https://api.telegram.org/bot8250421622:AAH5Sk494L0LJZrTUIniCqxRqq1bOG9-JFg/sendMessage "HTTP/1.1 200 OK"
2026-02-03 16:44:08,043 - httpx - INFO - HTTP Request: POST https://api.telegram.org/bot8250421622:AAH5Sk494L0LJZrTUIniCqxRqq1bOG9-JFg/getUpdates "HTTP/1.1 200 OK"
2026-02-03 16:44:08,483 - httpx - INFO - HTTP Request: POST https://api.telegram.org/bot8250421622:AAH5Sk494L0LJZrTUIniCqxRqq1bOG9-JFg/sendMessage "HTTP/1.1 200 OK"
2026-02-03 16:44:18,161 - httpx - INFO - HTTP Request: POST https://api.telegram.org/bot8250421622:AAH5Sk494L0LJZrTUIniCqxRqq1bOG9-JFg/getUpdates "HTTP/1.1 200 OK"
2026-02-03 16:44:28,295 - httpx - INFO - HTTP Request: POST https://api.telegram.org/bot8250421622:AAH5Sk494L0LJZrTUIniCqxRqq1bOG9-JFg/getUpdates "HTTP/1.1 200 OK"
2026-02-03 16:44:35,034 - httpx - INFO - HTTP Request: POST https://api.telegram.org/bot8250421622:AAH5Sk494L0LJZrTUIniCqxRqq1bOG9-JFg/getUpdates "HTTP/1.1 200 OK"
2026-02-03 16:44:35,465 - httpx - INFO - HTTP Request: POST https://api.telegram.org/bot8250421622:AAH5Sk494L0LJZrTUIniCqxRqq1bOG9-JFg/sendMessage "HTTP/1.1 200 OK"
2026-02-03 16:44:45,615 - httpx - INFO - HTTP Request: POST https://api.telegram.org/bot8250421622:AAH5Sk494L0LJZrTUIniCqxRqq1bOG9-JFg/getUpdates "HTTP/1.1 200 OK"
2026-02-03 16:44:55,740 - httpx - INFO - HTTP Request: POST https://api.telegram.org/bot8250421622:AAH5Sk494L0LJZrTUIniCqxRqq1bOG9-JFg/getUpdates "HTTP/1.1 200 OK"
2026-02-03 16:45:05,848 - httpx - INFO - HTTP Request: POST https://api.telegram.org/bot8250421622:AAH5Sk494L0LJZrTUIniCqxRqq1bOG9-JFg/getUpdates "HTTP/1.1 200 OK"
2026-02-03 16:45:15,970 - httpx - INFO - HTTP Request: POST https://api.telegram.org/bot8250421622:AAH5Sk494L0LJZrTUIniCqxRqq1bOG9-JFg/getUpdates "HTTP/1.1 200 OK"
2026-02-03 16:45:26,078 - httpx - INFO - HTTP Request: POST https://api.telegram.org/bot8250421622:AAH5Sk494L0LJZrTUIniCqxRqq1bOG9-JFg/getUpdates "HTTP/1.1 200 OK"
2026-02-03 16:45:36,188 - httpx - INFO - HTTP Request: POST https://api.telegram.org/bot8250421622:AAH5Sk494L0LJZrTUIniCqxRqq1bOG9-JFg/getUpdates "HTTP/1.1 200 OK"
2026-02-03 16:45:46,318 - httpx - INFO - HTTP Request: POST https://api.telegram.org/bot8250421622:AAH5Sk494L0LJZrTUIniCqxRqq1bOG9-JFg/getUpdates "HTTP/1.1 200 OK"
2026-02-03 16:45:56,428 - httpx - INFO - HTTP Request: POST https://api.telegram.org/bot8250421622:AAH5Sk494L0LJZrTUIniCqxRqq1bOG9-JFg/getUpdates "HTTP/1.1 200 OK"
2026-02-03 16:46:01,272 - httpx - INFO - HTTP Request: POST https://api.telegram.org/bot8250421622:AAH5Sk494L0LJZrTUIniCqxRqq1bOG9-JFg/getUpdates "HTTP/1.1 200 OK"
2026-02-03 16:46:02,241 - httpx - INFO - HTTP Request: POST https://api.telegram.org/bot8250421622:AAH5Sk494L0LJZrTUIniCqxRqq1bOG9-JFg/sendMessage "HTTP/1.1 200 OK"
2026-02-03 16:46:13,155 - httpx - INFO - HTTP Request: POST https://api.telegram.org/bot8250421622:AAH5Sk494L0LJZrTUIniCqxRqq1bOG9-JFg/getUpdates "HTTP/1.1 200 OK"
2026-02-03 16:46:23,264 - httpx - INFO - HTTP Request: POST https://api.telegram.org/bot8250421622:AAH5Sk494L0LJZrTUIniCqxRqq1bOG9-JFg/getUpdates "HTTP/1.1 200 OK"
2026-02-03 16:46:29,263 - httpx - INFO - HTTP Request: POST https://api.telegram.org/bot8250421622:AAH5Sk494L0LJZrTUIniCqxRqq1bOG9-JFg/getUpdates "HTTP/1.1 200 OK"
2026-02-03 16:46:29,651 - httpx - INFO - HTTP Request: POST https://api.telegram.org/bot8250421622:AAH5Sk494L0LJZrTUIniCqxRqq1bOG9-JFg/sendMessage "HTTP/1.1 200 OK"
2026-02-03 16:46:39,542 - httpx - INFO - HTTP Request: POST https://api.telegram.org/bot8250421622:AAH5Sk494L0LJZrTUIniCqxRqq1bOG9-JFg/getUpdates "HTTP/1.1 200 OK"
2026-02-03 16:46:49,780 - httpx - INFO - HTTP Request: POST https://api.telegram.org/bot8250421622:AAH5Sk494L0LJZrTUIniCqxRqq1bOG9-JFg/getUpdates "HTTP/1.1 200 OK"
2026-02-03 16:46:51,845 - httpx - INFO - HTTP Request: POST https://api.telegram.org/bot8250421622:AAH5Sk494L0LJZrTUIniCqxRqq1bOG9-JFg/getUpdates "HTTP/1.1 200 OK"
2026-02-03 16:46:52,865 - httpx - INFO - HTTP Request: POST https://api.telegram.org/bot8250421622:AAH5Sk494L0LJZrTUIniCqxRqq1bOG9-JFg/sendMessage "HTTP/1.1 200 OK"
2026-02-03 16:46:55,767 - httpx - INFO - HTTP Request: POST https://api.telegram.org/bot8250421622:AAH5Sk494L0LJZrTUIniCqxRqq1bOG9-JFg/getUpdates "HTTP/1.1 200 OK"
2026-02-03 16:46:55,929 - httpx - INFO - HTTP Request: POST https://api.telegram.org/bot8250421622:AAH5Sk494L0LJZrTUIniCqxRqq1bOG9-JFg/sendMessage "HTTP/1.1 200 OK"
2026-02-03 16:47:06,164 - httpx - INFO - HTTP Request: POST https://api.telegram.org/bot8250421622:AAH5Sk494L0LJZrTUIniCqxRqq1bOG9-JFg/getUpdates "HTTP/1.1 200 OK"
2026-02-03 16:47:16,443 - httpx - INFO - HTTP Request: POST https://api.telegram.org/bot8250421622:AAH5Sk494L0LJZrTUIniCqxRqq1bOG9-JFg/getUpdates "HTTP/1.1 200 OK"
2026-02-03 16:47:26,664 - httpx - INFO - HTTP Request: POST https://api.telegram.org/bot8250421622:AAH5Sk494L0LJZrTUIniCqxRqq1bOG9-JFg/getUpdates "HTTP/1.1 200 OK"
2026-02-03 16:47:36,783 - httpx - INFO - HTTP Request: POST https://api.telegram.org/bot8250421622:AAH5Sk494L0LJZrTUIniCqxRqq1bOG9-JFg/getUpdates "HTTP/1.1 200 OK"
2026-02-03 16:47:37,416 - httpx - INFO - HTTP Request: POST https://api.telegram.org/bot8250421622:AAH5Sk494L0LJZrTUIniCqxRqq1bOG9-JFg/getUpdates "HTTP/1.1 200 OK"
2026-02-03 16:47:38,317 - httpx - INFO - HTTP Request: POST https://api.telegram.org/bot8250421622:AAH5Sk494L0LJZrTUIniCqxRqq1bOG9-JFg/sendMessage "HTTP/1.1 200 OK"
2026-02-03 16:47:41,186 - httpx - INFO - HTTP Request: POST https://api.telegram.org/bot8250421622:AAH5Sk494L0LJZrTUIniCqxRqq1bOG9-JFg/getUpdates "HTTP/1.1 200 OK"
2026-02-03 16:47:41,395 - httpx - INFO - HTTP Request: POST https://api.telegram.org/bot8250421622:AAH5Sk494L0LJZrTUIniCqxRqq1bOG9-JFg/sendMessage "HTTP/1.1 200 OK"
2026-02-03 16:47:51,425 - httpx - INFO - HTTP Request: POST https://api.telegram.org/bot8250421622:AAH5Sk494L0LJZrTUIniCqxRqq1bOG9-JFg/getUpdates "HTTP/1.1 200 OK"
2026-02-03 16:48:01,767 - httpx - INFO - HTTP Request: POST https://api.telegram.org/bot8250421622:AAH5Sk494L0LJZrTUIniCqxRqq1bOG9-JFg/getUpdates "HTTP/1.1 200 OK"
2026-02-03 16:48:11,945 - httpx - INFO - HTTP Request: POST https://api.telegram.org/bot8250421622:AAH5Sk494L0LJZrTUIniCqxRqq1bOG9-JFg/getUpdates "HTTP/1.1 200 OK"
2026-02-03 16:48:22,080 - httpx - INFO - HTTP Request: POST https://api.telegram.org/bot8250421622:AAH5Sk494L0LJZrTUIniCqxRqq1bOG9-JFg/getUpdates "HTTP/1.1 200 OK"
2026-02-03 16:48:32,221 - httpx - INFO - HTTP Request: POST https://api.telegram.org/bot8250421622:AAH5Sk494L0LJZrTUIniCqxRqq1bOG9-JFg/getUpdates "HTTP/1.1 200 OK"
2026-02-03 16:48:42,335 - httpx - INFO - HTTP Request: POST https://api.telegram.org/bot8250421622:AAH5Sk494L0LJZrTUIniCqxRqq1bOG9-JFg/getUpdates "HTTP/1.1 200 OK"
2026-02-03 16:48:52,559 - httpx - INFO - HTTP Request: POST https://api.telegram.org/bot8250421622:AAH5Sk494L0LJZrTUIniCqxRqq1bOG9-JFg/getUpdates "HTTP/1.1 200 OK"
2026-02-03 16:49:02,736 - httpx - INFO - HTTP Request: POST https://api.telegram.org/bot8250421622:AAH5Sk494L0LJZrTUIniCqxRqq1bOG9-JFg/getUpdates "HTTP/1.1 200 OK"
2026-02-03 16:49:12,939 - httpx - INFO - HTTP Request: POST https://api.telegram.org/bot8250421622:AAH5Sk494L0LJZrTUIniCqxRqq1bOG9-JFg/getUpdates "HTTP/1.1 200 OK"
2026-02-03 16:49:23,151 - httpx - INFO - HTTP Request: POST https://api.telegram.org/bot8250421622:AAH5Sk494L0LJZrTUIniCqxRqq1bOG9-JFg/getUpdates "HTTP/1.1 200 OK"
2026-02-03 16:49:33,510 - httpx - INFO - HTTP Request: POST https://api.telegram.org/bot8250421622:AAH5Sk494L0LJZrTUIniCqxRqq1bOG9-JFg/getUpdates "HTTP/1.1 200 OK"
2026-02-03 16:49:43,754 - httpx - INFO - HTTP Request: POST https://api.telegram.org/bot8250421622:AAH5Sk494L0LJZrTUIniCqxRqq1bOG9-JFg/getUpdates "HTTP/1.1 200 OK"
2026-02-03 16:49:54,003 - httpx - INFO - HTTP Request: POST https://api.telegram.org/bot8250421622:AAH5Sk494L0LJZrTUIniCqxRqq1bOG9-JFg/getUpdates "HTTP/1.1 200 OK"
2026-02-03 16:50:04,345 - httpx - INFO - HTTP Request: POST https://api.telegram.org/bot8250421622:AAH5Sk494L0LJZrTUIniCqxRqq1bOG9-JFg/getUpdates "HTTP/1.1 200 OK"
2026-02-03 16:50:14,518 - httpx - INFO - HTTP Request: POST https://api.telegram.org/bot8250421622:AAH5Sk494L0LJZrTUIniCqxRqq1bOG9-JFg/getUpdates "HTTP/1.1 200 OK"
2026-02-03 16:50:24,723 - httpx - INFO - HTTP Request: POST https://api.telegram.org/bot8250421622:AAH5Sk494L0LJZrTUIniCqxRqq1bOG9-JFg/getUpdates "HTTP/1.1 200 OK"
2026-02-03 16:50:35,062 - httpx - INFO - HTTP Request: POST https://api.telegram.org/bot8250421622:AAH5Sk494L0LJZrTUIniCqxRqq1bOG9-JFg/getUpdates "HTTP/1.1 200 OK"
2026-02-03 16:50:45,400 - httpx - INFO - HTTP Request: POST https://api.telegram.org/bot8250421622:AAH5Sk494L0LJZrTUIniCqxRqq1bOG9-JFg/getUpdates "HTTP/1.1 200 OK"
2026-02-03 16:50:55,645 - httpx - INFO - HTTP Request: POST https://api.telegram.org/bot8250421622:AAH5Sk494L0LJZrTUIniCqxRqq1bOG9-JFg/getUpdates "HTTP/1.1 200 OK"
2026-02-03 16:51:05,823 - httpx - INFO - HTTP Request: POST https://api.telegram.org/bot8250421622:AAH5Sk494L0LJZrTUIniCqxRqq1bOG9-JFg/getUpdates "HTTP/1.1 200 OK"
2026-02-03 16:51:10,746 - httpx - INFO - HTTP Request: POST https://api.telegram.org/bot8250421622:AAH5Sk494L0LJZrTUIniCqxRqq1bOG9-JFg/getUpdates "HTTP/1.1 200 OK"
2026-02-03 16:51:11,508 - httpx - INFO - HTTP Request: POST https://api.telegram.org/bot8250421622:AAH5Sk494L0LJZrTUIniCqxRqq1bOG9-JFg/sendMessage "HTTP/1.1 200 OK"
2026-02-03 16:51:20,943 - httpx - INFO - HTTP Request: POST https://api.telegram.org/bot8250421622:AAH5Sk494L0LJZrTUIniCqxRqq1bOG9-JFg/getUpdates "HTTP/1.1 200 OK"
2026-02-03 16:51:31,179 - httpx - INFO - HTTP Request: POST https://api.telegram.org/bot8250421622:AAH5Sk494L0LJZrTUIniCqxRqq1bOG9-JFg/getUpdates "HTTP/1.1 200 OK"
2026-02-03 16:51:41,319 - httpx - INFO - HTTP Request: POST https://api.telegram.org/bot8250421622:AAH5Sk494L0LJZrTUIniCqxRqq1bOG9-JFg/getUpdates "HTTP/1.1 200 OK"
2026-02-03 16:51:44,429 - httpx - INFO - HTTP Request: POST https://api.telegram.org/bot8250421622:AAH5Sk494L0LJZrTUIniCqxRqq1bOG9-JFg/getUpdates "HTTP/1.1 200 OK"
2026-02-03 16:51:45,856 - httpx - INFO - HTTP Request: POST https://api.telegram.org/bot8250421622:AAH5Sk494L0LJZrTUIniCqxRqq1bOG9-JFg/sendMessage "HTTP/1.1 200 OK"
2026-02-03 16:51:54,584 - httpx - INFO - HTTP Request: POST https://api.telegram.org/bot8250421622:AAH5Sk494L0LJZrTUIniCqxRqq1bOG9-JFg/getUpdates "HTTP/1.1 200 OK"
2026-02-03 16:52:04,772 - httpx - INFO - HTTP Request: POST https://api.telegram.org/bot8250421622:AAH5Sk494L0LJZrTUIniCqxRqq1bOG9-JFg/getUpdates "HTTP/1.1 200 OK"
2026-02-03 16:52:15,007 - httpx - INFO - HTTP Request: POST https://api.telegram.org/bot8250421622:AAH5Sk494L0LJZrTUIniCqxRqq1bOG9-JFg/getUpdates "HTTP/1.1 200 OK"
2026-02-03 16:52:25,586 - httpx - INFO - HTTP Request: POST https://api.telegram.org/bot8250421622:AAH5Sk494L0LJZrTUIniCqxRqq1bOG9-JFg/getUpdates "HTTP/1.1 200 OK"
2026-02-03 16:52:35,694 - httpx - INFO - HTTP Request: POST https://api.telegram.org/bot8250421622:AAH5Sk494L0LJZrTUIniCqxRqq1bOG9-JFg/getUpdates "HTTP/1.1 200 OK"
2026-02-03 16:52:45,803 - httpx - INFO - HTTP Request: POST https://api.telegram.org/bot8250421622:AAH5Sk494L0LJZrTUIniCqxRqq1bOG9-JFg/getUpdates "HTTP/1.1 200 OK"
2026-02-03 16:52:55,915 - httpx - INFO - HTTP Request: POST https://api.telegram.org/bot8250421622:AAH5Sk494L0LJZrTUIniCqxRqq1bOG9-JFg/getUpdates "HTTP/1.1 200 OK"
2026-02-03 16:53:06,043 - httpx - INFO - HTTP Request: POST https://api.telegram.org/bot8250421622:AAH5Sk494L0LJZrTUIniCqxRqq1bOG9-JFg/getUpdates "HTTP/1.1 200 OK"
2026-02-03 16:53:16,154 - httpx - INFO - HTTP Request: POST https://api.telegram.org/bot8250421622:AAH5Sk494L0LJZrTUIniCqxRqq1bOG9-JFg/getUpdates "HTTP/1.1 200 OK"
2026-02-03 16:53:26,293 - httpx - INFO - HTTP Request: POST https://api.telegram.org/bot8250421622:AAH5Sk494L0LJZrTUIniCqxRqq1bOG9-JFg/getUpdates "HTTP/1.1 200 OK"
2026-02-03 16:53:36,401 - httpx - INFO - HTTP Request: POST https://api.telegram.org/bot8250421622:AAH5Sk494L0LJZrTUIniCqxRqq1bOG9-JFg/getUpdates "HTTP/1.1 200 OK"
2026-02-03 16:53:46,515 - httpx - INFO - HTTP Request: POST https://api.telegram.org/bot8250421622:AAH5Sk494L0LJZrTUIniCqxRqq1bOG9-JFg/getUpdates "HTTP/1.1 200 OK"
2026-02-03 16:53:56,624 - httpx - INFO - HTTP Request: POST https://api.telegram.org/bot8250421622:AAH5Sk494L0LJZrTUIniCqxRqq1bOG9-JFg/getUpdates "HTTP/1.1 200 OK"
2026-02-03 16:54:06,733 - httpx - INFO - HTTP Request: POST https://api.telegram.org/bot8250421622:AAH5Sk494L0LJZrTUIniCqxRqq1bOG9-JFg/getUpdates "HTTP/1.1 200 OK"
2026-02-03 16:54:16,844 - httpx - INFO - HTTP Request: POST https://api.telegram.org/bot8250421622:AAH5Sk494L0LJZrTUIniCqxRqq1bOG9-JFg/getUpdates "HTTP/1.1 200 OK"
2026-02-03 16:54:26,965 - httpx - INFO - HTTP Request: POST https://api.telegram.org/bot8250421622:AAH5Sk494L0LJZrTUIniCqxRqq1bOG9-JFg/getUpdates "HTTP/1.1 200 OK"
2026-02-03 16:54:37,074 - httpx - INFO - HTTP Request: POST https://api.telegram.org/bot8250421622:AAH5Sk494L0LJZrTUIniCqxRqq1bOG9-JFg/getUpdates "HTTP/1.1 200 OK"
2026-02-03 16:54:47,187 - httpx - INFO - HTTP Request: POST https://api.telegram.org/bot8250421622:AAH5Sk494L0LJZrTUIniCqxRqq1bOG9-JFg/getUpdates "HTTP/1.1 200 OK"
2026-02-03 16:55:12,578 - httpx - INFO - HTTP Request: POST https://api.telegram.org/bot8250421622:AAH5Sk494L0LJZrTUIniCqxRqq1bOG9-JFg/getUpdates "HTTP/1.1 200 OK"
2026-02-03 16:55:22,691 - httpx - INFO - HTTP Request: POST https://api.telegram.org/bot8250421622:AAH5Sk494L0LJZrTUIniCqxRqq1bOG9-JFg/getUpdates "HTTP/1.1 200 OK"
2026-02-03 16:55:32,967 - httpx - INFO - HTTP Request: POST https://api.telegram.org/bot8250421622:AAH5Sk494L0LJZrTUIniCqxRqq1bOG9-JFg/getUpdates "HTTP/1.1 200 OK"
2026-02-03 16:55:43,077 - httpx - INFO - HTTP Request: POST https://api.telegram.org/bot8250421622:AAH5Sk494L0LJZrTUIniCqxRqq1bOG9-JFg/getUpdates "HTTP/1.1 200 OK"
2026-02-03 16:55:53,183 - httpx - INFO - HTTP Request: POST https://api.telegram.org/bot8250421622:AAH5Sk494L0LJZrTUIniCqxRqq1bOG9-JFg/getUpdates "HTTP/1.1 200 OK"
2026-02-03 16:56:03,288 - httpx - INFO - HTTP Request: POST https://api.telegram.org/bot8250421622:AAH5Sk494L0LJZrTUIniCqxRqq1bOG9-JFg/getUpdates "HTTP/1.1 200 OK"
2026-02-03 16:56:14,492 - httpx - INFO - HTTP Request: POST https://api.telegram.org/bot8250421622:AAH5Sk494L0LJZrTUIniCqxRqq1bOG9-JFg/getUpdates "HTTP/1.1 200 OK"
2026-02-03 16:56:24,599 - httpx - INFO - HTTP Request: POST https://api.telegram.org/bot8250421622:AAH5Sk494L0LJZrTUIniCqxRqq1bOG9-JFg/getUpdates "HTTP/1.1 200 OK"
2026-02-03 16:56:34,703 - httpx - INFO - HTTP Request: POST https://api.telegram.org/bot8250421622:AAH5Sk494L0LJZrTUIniCqxRqq1bOG9-JFg/getUpdates "HTTP/1.1 200 OK"
2026-02-03 16:56:44,807 - httpx - INFO - HTTP Request: POST https://api.telegram.org/bot8250421622:AAH5Sk494L0LJZrTUIniCqxRqq1bOG9-JFg/getUpdates "HTTP/1.1 200 OK"
2026-02-03 16:56:54,910 - httpx - INFO - HTTP Request: POST https://api.telegram.org/bot8250421622:AAH5Sk494L0LJZrTUIniCqxRqq1bOG9-JFg/getUpdates "HTTP/1.1 200 OK"
2026-02-03 16:57:07,661 - httpx - INFO - HTTP Request: POST https://api.telegram.org/bot8250421622:AAH5Sk494L0LJZrTUIniCqxRqq1bOG9-JFg/getUpdates "HTTP/1.1 200 OK"
2026-02-03 16:57:17,775 - httpx - INFO - HTTP Request: POST https://api.telegram.org/bot8250421622:AAH5Sk494L0LJZrTUIniCqxRqq1bOG9-JFg/getUpdates "HTTP/1.1 200 OK"
2026-02-03 16:57:27,881 - httpx - INFO - HTTP Request: POST https://api.telegram.org/bot8250421622:AAH5Sk494L0LJZrTUIniCqxRqq1bOG9-JFg/getUpdates "HTTP/1.1 200 OK"
2026-02-03 16:57:37,989 - httpx - INFO - HTTP Request: POST https://api.telegram.org/bot8250421622:AAH5Sk494L0LJZrTUIniCqxRqq1bOG9-JFg/getUpdates "HTTP/1.1 200 OK"
2026-02-03 16:57:48,093 - httpx - INFO - HTTP Request: POST https://api.telegram.org/bot8250421622:AAH5Sk494L0LJZrTUIniCqxRqq1bOG9-JFg/getUpdates "HTTP/1.1 200 OK"
2026-02-03 16:57:58,201 - httpx - INFO - HTTP Request: POST https://api.telegram.org/bot8250421622:AAH5Sk494L0LJZrTUIniCqxRqq1bOG9-JFg/getUpdates "HTTP/1.1 200 OK"
2026-02-03 16:58:08,312 - httpx - INFO - HTTP Request: POST https://api.telegram.org/bot8250421622:AAH5Sk494L0LJZrTUIniCqxRqq1bOG9-JFg/getUpdates "HTTP/1.1 200 OK"
2026-02-03 16:58:18,418 - httpx - INFO - HTTP Request: POST https://api.telegram.org/bot8250421622:AAH5Sk494L0LJZrTUIniCqxRqq1bOG9-JFg/getUpdates "HTTP/1.1 200 OK"
2026-02-03 16:58:28,533 - httpx - INFO - HTTP Request: POST https://api.telegram.org/bot8250421622:AAH5Sk494L0LJZrTUIniCqxRqq1bOG9-JFg/getUpdates "HTTP/1.1 200 OK"
2026-02-03 16:58:38,762 - httpx - INFO - HTTP Request: POST https://api.telegram.org/bot8250421622:AAH5Sk494L0LJZrTUIniCqxRqq1bOG9-JFg/getUpdates "HTTP/1.1 200 OK"
2026-02-03 16:58:43,418 - httpx - INFO - HTTP Request: POST https://api.telegram.org/bot8250421622:AAH5Sk494L0LJZrTUIniCqxRqq1bOG9-JFg/getUpdates "HTTP/1.1 200 OK"
2026-02-03 16:58:43,422 - telegram.ext.Application - INFO - Application is stopping. This might take a moment.
2026-02-03 16:58:43,424 - apscheduler.scheduler - INFO - Scheduler has been shut down
2026-02-03 16:58:43,440 - telegram.ext.Application - INFO - Application.stop() complete
2026-02-03 16:58:49,690 - __main__ - INFO - Database initialized successfully
2026-02-03 16:58:49,692 - __main__ - INFO - Database initialized successfully
2026-02-03 16:58:49,693 - __main__ - INFO - Schedulers started
2026-02-03 16:58:50,501 - httpx - INFO - HTTP Request: POST https://api.telegram.org/bot8250421622:AAH5Sk494L0LJZrTUIniCqxRqq1bOG9-JFg/getMe "HTTP/1.1 200 OK"
2026-02-03 16:58:50,729 - httpx - INFO - HTTP Request: POST https://api.telegram.org/bot8250421622:AAH5Sk494L0LJZrTUIniCqxRqq1bOG9-JFg/deleteWebhook "HTTP/1.1 200 OK"
2026-02-03 16:58:50,738 - apscheduler.scheduler - INFO - Scheduler started
2026-02-03 16:58:50,739 - telegram.ext.Application - INFO - Application started
2026-02-03 16:59:01,741 - httpx - INFO - HTTP Request: POST https://api.telegram.org/bot8250421622:AAH5Sk494L0LJZrTUIniCqxRqq1bOG9-JFg/getUpdates "HTTP/1.1 200 OK"
2026-02-03 16:59:05,473 - httpx - INFO - HTTP Request: POST https://api.telegram.org/bot8250421622:AAH5Sk494L0LJZrTUIniCqxRqq1bOG9-JFg/getUpdates "HTTP/1.1 200 OK"
2026-02-03 16:59:05,478 - __main__ - ERROR - User add error: table users has no column named is_admin
2026-02-03 16:59:06,247 - httpx - INFO - HTTP Request: POST https://api.telegram.org/bot8250421622:AAH5Sk494L0LJZrTUIniCqxRqq1bOG9-JFg/sendMessage "HTTP/1.1 200 OK"
2026-02-03 16:59:10,508 - httpx - INFO - HTTP Request: POST https://api.telegram.org/bot8250421622:AAH5Sk494L0LJZrTUIniCqxRqq1bOG9-JFg/getUpdates "HTTP/1.1 200 OK"
2026-02-03 16:59:10,813 - httpx - INFO - HTTP Request: POST https://api.telegram.org/bot8250421622:AAH5Sk494L0LJZrTUIniCqxRqq1bOG9-JFg/sendMessage "HTTP/1.1 200 OK"
2026-02-03 16:59:17,774 - httpx - INFO - HTTP Request: POST https://api.telegram.org/bot8250421622:AAH5Sk494L0LJZrTUIniCqxRqq1bOG9-JFg/getUpdates "HTTP/1.1 200 OK"
2026-02-03 16:59:18,851 - httpx - INFO - HTTP Request: POST https://api.telegram.org/bot8250421622:AAH5Sk494L0LJZrTUIniCqxRqq1bOG9-JFg/sendMessage "HTTP/1.1 200 OK"
2026-02-03 16:59:26,462 - httpx - INFO - HTTP Request: POST https://api.telegram.org/bot8250421622:AAH5Sk494L0LJZrTUIniCqxRqq1bOG9-JFg/getUpdates "HTTP/1.1 200 OK"
2026-02-03 16:59:27,012 - httpx - INFO - HTTP Request: POST https://api.telegram.org/bot8250421622:AAH5Sk494L0LJZrTUIniCqxRqq1bOG9-JFg/sendMessage "HTTP/1.1 200 OK"
2026-02-03 16:59:32,565 - httpx - INFO - HTTP Request: POST https://api.telegram.org/bot8250421622:AAH5Sk494L0LJZrTUIniCqxRqq1bOG9-JFg/getUpdates "HTTP/1.1 200 OK"
2026-02-03 16:59:33,593 - httpx - INFO - HTTP Request: POST https://api.telegram.org/bot8250421622:AAH5Sk494L0LJZrTUIniCqxRqq1bOG9-JFg/sendMessage "HTTP/1.1 200 OK"
2026-02-03 16:59:36,153 - httpx - INFO - HTTP Request: POST https://api.telegram.org/bot8250421622:AAH5Sk494L0LJZrTUIniCqxRqq1bOG9-JFg/getUpdates "HTTP/1.1 200 OK"
2026-02-03 16:59:36,464 - httpx - INFO - HTTP Request: POST https://api.telegram.org/bot8250421622:AAH5Sk494L0LJZrTUIniCqxRqq1bOG9-JFg/sendMessage "HTTP/1.1 200 OK"
2026-02-03 16:59:45,308 - httpx - INFO - HTTP Request: POST https://api.telegram.org/bot8250421622:AAH5Sk494L0LJZrTUIniCqxRqq1bOG9-JFg/getUpdates "HTTP/1.1 200 OK"
2026-02-03 16:59:46,003 - httpx - INFO - HTTP Request: POST https://api.telegram.org/bot8250421622:AAH5Sk494L0LJZrTUIniCqxRqq1bOG9-JFg/sendMessage "HTTP/1.1 200 OK"
2026-02-03 16:59:49,978 - httpx - INFO - HTTP Request: POST https://api.telegram.org/bot8250421622:AAH5Sk494L0LJZrTUIniCqxRqq1bOG9-JFg/getUpdates "HTTP/1.1 200 OK"
2026-02-03 16:59:50,285 - httpx - INFO - HTTP Request: POST https://api.telegram.org/bot8250421622:AAH5Sk494L0LJZrTUIniCqxRqq1bOG9-JFg/sendMessage "HTTP/1.1 200 OK"
2026-02-03 16:59:52,133 - httpx - INFO - HTTP Request: POST https://api.telegram.org/bot8250421622:AAH5Sk494L0LJZrTUIniCqxRqq1bOG9-JFg/getUpdates "HTTP/1.1 200 OK"
2026-02-03 16:59:52,439 - httpx - INFO - HTTP Request: POST https://api.telegram.org/bot8250421622:AAH5Sk494L0LJZrTUIniCqxRqq1bOG9-JFg/sendMessage "HTTP/1.1 200 OK"
2026-02-03 17:00:02,408 - httpx - INFO - HTTP Request: POST https://api.telegram.org/bot8250421622:AAH5Sk494L0LJZrTUIniCqxRqq1bOG9-JFg/getUpdates "HTTP/1.1 200 OK"
2026-02-03 17:00:03,498 - httpx - INFO - HTTP Request: POST https://api.telegram.org/bot8250421622:AAH5Sk494L0LJZrTUIniCqxRqq1bOG9-JFg/getUpdates "HTTP/1.1 200 OK"
2026-02-03 17:00:04,318 - httpx - INFO - HTTP Request: POST https://api.telegram.org/bot8250421622:AAH5Sk494L0LJZrTUIniCqxRqq1bOG9-JFg/sendMessage "HTTP/1.1 200 OK"
2026-02-03 17:00:13,755 - httpx - INFO - HTTP Request: POST https://api.telegram.org/bot8250421622:AAH5Sk494L0LJZrTUIniCqxRqq1bOG9-JFg/getUpdates "HTTP/1.1 200 OK"
2026-02-03 17:00:16,847 - httpx - INFO - HTTP Request: POST https://api.telegram.org/bot8250421622:AAH5Sk494L0LJZrTUIniCqxRqq1bOG9-JFg/getUpdates "HTTP/1.1 200 OK"
2026-02-03 17:00:17,564 - httpx - INFO - HTTP Request: POST https://api.telegram.org/bot8250421622:AAH5Sk494L0LJZrTUIniCqxRqq1bOG9-JFg/sendMessage "HTTP/1.1 200 OK"
2026-02-03 17:00:19,919 - httpx - INFO - HTTP Request: POST https://api.telegram.org/bot8250421622:AAH5Sk494L0LJZrTUIniCqxRqq1bOG9-JFg/getUpdates "HTTP/1.1 200 OK"
2026-02-03 17:00:20,742 - httpx - INFO - HTTP Request: POST https://api.telegram.org/bot8250421622:AAH5Sk494L0LJZrTUIniCqxRqq1bOG9-JFg/sendMessage "HTTP/1.1 200 OK"
2026-02-03 17:00:22,208 - httpx - INFO - HTTP Request: POST https://api.telegram.org/bot8250421622:AAH5Sk494L0LJZrTUIniCqxRqq1bOG9-JFg/getUpdates "HTTP/1.1 200 OK"
2026-02-03 17:00:22,782 - httpx - INFO - HTTP Request: POST https://api.telegram.org/bot8250421622:AAH5Sk494L0LJZrTUIniCqxRqq1bOG9-JFg/sendMessage "HTTP/1.1 200 OK"
2026-02-03 17:00:28,640 - httpx - INFO - HTTP Request: POST https://api.telegram.org/bot8250421622:AAH5Sk494L0LJZrTUIniCqxRqq1bOG9-JFg/getUpdates "HTTP/1.1 200 OK"
2026-02-03 17:00:29,340 - httpx - INFO - HTTP Request: POST https://api.telegram.org/bot8250421622:AAH5Sk494L0LJZrTUIniCqxRqq1bOG9-JFg/sendMessage "HTTP/1.1 200 OK"
2026-02-03 17:00:36,591 - httpx - INFO - HTTP Request: POST https://api.telegram.org/bot8250421622:AAH5Sk494L0LJZrTUIniCqxRqq1bOG9-JFg/getUpdates "HTTP/1.1 200 OK"
2026-02-03 17:00:37,185 - httpx - INFO - HTTP Request: POST https://api.telegram.org/bot8250421622:AAH5Sk494L0LJZrTUIniCqxRqq1bOG9-JFg/sendMessage "HTTP/1.1 200 OK"
2026-02-03 17:00:40,261 - httpx - INFO - HTTP Request: POST https://api.telegram.org/bot8250421622:AAH5Sk494L0LJZrTUIniCqxRqq1bOG9-JFg/getUpdates "HTTP/1.1 200 OK"
2026-02-03 17:00:40,566 - httpx - INFO - HTTP Request: POST https://api.telegram.org/bot8250421622:AAH5Sk494L0LJZrTUIniCqxRqq1bOG9-JFg/sendMessage "HTTP/1.1 200 OK"
2026-02-03 17:00:50,400 - httpx - INFO - HTTP Request: POST https://api.telegram.org/bot8250421622:AAH5Sk494L0LJZrTUIniCqxRqq1bOG9-JFg/getUpdates "HTTP/1.1 200 OK"
2026-02-03 17:01:00,635 - httpx - INFO - HTTP Request: POST https://api.telegram.org/bot8250421622:AAH5Sk494L0LJZrTUIniCqxRqq1bOG9-JFg/getUpdates "HTTP/1.1 200 OK"
2026-02-03 17:01:10,881 - httpx - INFO - HTTP Request: POST https://api.telegram.org/bot8250421622:AAH5Sk494L0LJZrTUIniCqxRqq1bOG9-JFg/getUpdates "HTTP/1.1 200 OK"
2026-02-03 17:01:21,212 - httpx - INFO - HTTP Request: POST https://api.telegram.org/bot8250421622:AAH5Sk494L0LJZrTUIniCqxRqq1bOG9-JFg/getUpdates "HTTP/1.1 200 OK"
2026-02-03 17:01:31,458 - httpx - INFO - HTTP Request: POST https://api.telegram.org/bot8250421622:AAH5Sk494L0LJZrTUIniCqxRqq1bOG9-JFg/getUpdates "HTTP/1.1 200 OK"
2026-02-03 17:01:41,612 - httpx - INFO - HTTP Request: POST https://api.telegram.org/bot8250421622:AAH5Sk494L0LJZrTUIniCqxRqq1bOG9-JFg/getUpdates "HTTP/1.1 200 OK"
2026-02-03 17:01:51,939 - httpx - INFO - HTTP Request: POST https://api.telegram.org/bot8250421622:AAH5Sk494L0LJZrTUIniCqxRqq1bOG9-JFg/getUpdates "HTTP/1.1 200 OK"
2026-02-03 17:02:02,186 - httpx - INFO - HTTP Request: POST https://api.telegram.org/bot8250421622:AAH5Sk494L0LJZrTUIniCqxRqq1bOG9-JFg/getUpdates "HTTP/1.1 200 OK"
2026-02-03 17:02:12,357 - httpx - INFO - HTTP Request: POST https://api.telegram.org/bot8250421622:AAH5Sk494L0LJZrTUIniCqxRqq1bOG9-JFg/getUpdates "HTTP/1.1 200 OK"
2026-02-03 17:02:22,494 - httpx - INFO - HTTP Request: POST https://api.telegram.org/bot8250421622:AAH5Sk494L0LJZrTUIniCqxRqq1bOG9-JFg/getUpdates "HTTP/1.1 200 OK"
2026-02-03 17:02:32,798 - httpx - INFO - HTTP Request: POST https://api.telegram.org/bot8250421622:AAH5Sk494L0LJZrTUIniCqxRqq1bOG9-JFg/getUpdates "HTTP/1.1 200 OK"
2026-02-03 17:02:43,037 - httpx - INFO - HTTP Request: POST https://api.telegram.org/bot8250421622:AAH5Sk494L0LJZrTUIniCqxRqq1bOG9-JFg/getUpdates "HTTP/1.1 200 OK"
2026-02-03 17:02:53,482 - httpx - INFO - HTTP Request: POST https://api.telegram.org/bot8250421622:AAH5Sk494L0LJZrTUIniCqxRqq1bOG9-JFg/getUpdates "HTTP/1.1 200 OK"
2026-02-03 17:03:03,724 - httpx - INFO - HTTP Request: POST https://api.telegram.org/bot8250421622:AAH5Sk494L0LJZrTUIniCqxRqq1bOG9-JFg/getUpdates "HTTP/1.1 200 OK"
2026-02-03 17:03:13,863 - httpx - INFO - HTTP Request: POST https://api.telegram.org/bot8250421622:AAH5Sk494L0LJZrTUIniCqxRqq1bOG9-JFg/getUpdates "HTTP/1.1 200 OK"
2026-02-03 17:03:21,687 - httpx - INFO - HTTP Request: POST https://api.telegram.org/bot8250421622:AAH5Sk494L0LJZrTUIniCqxRqq1bOG9-JFg/sendMessage "HTTP/1.1 200 OK"
2026-02-03 17:03:24,002 - httpx - INFO - HTTP Request: POST https://api.telegram.org/bot8250421622:AAH5Sk494L0LJZrTUIniCqxRqq1bOG9-JFg/getUpdates "HTTP/1.1 200 OK"
2026-02-03 17:03:34,139 - httpx - INFO - HTTP Request: POST https://api.telegram.org/bot8250421622:AAH5Sk494L0LJZrTUIniCqxRqq1bOG9-JFg/getUpdates "HTTP/1.1 200 OK"
2026-02-03 17:03:44,465 - httpx - INFO - HTTP Request: POST https://api.telegram.org/bot8250421622:AAH5Sk494L0LJZrTUIniCqxRqq1bOG9-JFg/getUpdates "HTTP/1.1 200 OK"
2026-02-03 17:03:54,815 - httpx - INFO - HTTP Request: POST https://api.telegram.org/bot8250421622:AAH5Sk494L0LJZrTUIniCqxRqq1bOG9-JFg/getUpdates "HTTP/1.1 200 OK"
2026-02-03 17:04:04,960 - httpx - INFO - HTTP Request: POST https://api.telegram.org/bot8250421622:AAH5Sk494L0LJZrTUIniCqxRqq1bOG9-JFg/getUpdates "HTTP/1.1 200 OK"
2026-02-03 17:04:16,125 - httpx - INFO - HTTP Request: POST https://api.telegram.org/bot8250421622:AAH5Sk494L0LJZrTUIniCqxRqq1bOG9-JFg/getUpdates "HTTP/1.1 200 OK"
2026-02-03 17:04:26,364 - httpx - INFO - HTTP Request: POST https://api.telegram.org/bot8250421622:AAH5Sk494L0LJZrTUIniCqxRqq1bOG9-JFg/getUpdates "HTTP/1.1 200 OK"
2026-02-03 17:04:36,501 - httpx - INFO - HTTP Request: POST https://api.telegram.org/bot8250421622:AAH5Sk494L0LJZrTUIniCqxRqq1bOG9-JFg/getUpdates "HTTP/1.1 200 OK"
2026-02-03 17:04:46,648 - httpx - INFO - HTTP Request: POST https://api.telegram.org/bot8250421622:AAH5Sk494L0LJZrTUIniCqxRqq1bOG9-JFg/getUpdates "HTTP/1.1 200 OK"
2026-02-03 17:04:56,987 - httpx - INFO - HTTP Request: POST https://api.telegram.org/bot8250421622:AAH5Sk494L0LJZrTUIniCqxRqq1bOG9-JFg/getUpdates "HTTP/1.1 200 OK"
2026-02-03 17:05:07,219 - httpx - INFO - HTTP Request: POST https://api.telegram.org/bot8250421622:AAH5Sk494L0LJZrTUIniCqxRqq1bOG9-JFg/getUpdates "HTTP/1.1 200 OK"
2026-02-03 17:05:17,505 - httpx - INFO - HTTP Request: POST https://api.telegram.org/bot8250421622:AAH5Sk494L0LJZrTUIniCqxRqq1bOG9-JFg/getUpdates "HTTP/1.1 200 OK"
2026-02-03 17:05:27,715 - httpx - INFO - HTTP Request: POST https://api.telegram.org/bot8250421622:AAH5Sk494L0LJZrTUIniCqxRqq1bOG9-JFg/getUpdates "HTTP/1.1 200 OK"
2026-02-03 17:05:37,837 - httpx - INFO - HTTP Request: POST https://api.telegram.org/bot8250421622:AAH5Sk494L0LJZrTUIniCqxRqq1bOG9-JFg/getUpdates "HTTP/1.1 200 OK"
2026-02-03 17:05:47,980 - httpx - INFO - HTTP Request: POST https://api.telegram.org/bot8250421622:AAH5Sk494L0LJZrTUIniCqxRqq1bOG9-JFg/getUpdates "HTTP/1.1 200 OK"
2026-02-03 17:05:58,217 - httpx - INFO - HTTP Request: POST https://api.telegram.org/bot8250421622:AAH5Sk494L0LJZrTUIniCqxRqq1bOG9-JFg/getUpdates "HTTP/1.1 200 OK"
2026-02-03 17:06:08,334 - httpx - INFO - HTTP Request: POST https://api.telegram.org/bot8250421622:AAH5Sk494L0LJZrTUIniCqxRqq1bOG9-JFg/getUpdates "HTTP/1.1 200 OK"
2026-02-03 17:06:18,449 - httpx - INFO - HTTP Request: POST https://api.telegram.org/bot8250421622:AAH5Sk494L0LJZrTUIniCqxRqq1bOG9-JFg/getUpdates "HTTP/1.1 200 OK"
2026-02-03 17:06:28,630 - httpx - INFO - HTTP Request: POST https://api.telegram.org/bot8250421622:AAH5Sk494L0LJZrTUIniCqxRqq1bOG9-JFg/getUpdates "HTTP/1.1 200 OK"
2026-02-03 17:06:38,807 - httpx - INFO - HTTP Request: POST https://api.telegram.org/bot8250421622:AAH5Sk494L0LJZrTUIniCqxRqq1bOG9-JFg/getUpdates "HTTP/1.1 200 OK"
2026-02-03 17:06:49,047 - httpx - INFO - HTTP Request: POST https://api.telegram.org/bot8250421622:AAH5Sk494L0LJZrTUIniCqxRqq1bOG9-JFg/getUpdates "HTTP/1.1 200 OK"
2026-02-03 17:06:59,188 - httpx - INFO - HTTP Request: POST https://api.telegram.org/bot8250421622:AAH5Sk494L0LJZrTUIniCqxRqq1bOG9-JFg/getUpdates "HTTP/1.1 200 OK"
2026-02-03 17:07:09,303 - httpx - INFO - HTTP Request: POST https://api.telegram.org/bot8250421622:AAH5Sk494L0LJZrTUIniCqxRqq1bOG9-JFg/getUpdates "HTTP/1.1 200 OK"
2026-02-03 17:07:19,429 - httpx - INFO - HTTP Request: POST https://api.telegram.org/bot8250421622:AAH5Sk494L0LJZrTUIniCqxRqq1bOG9-JFg/getUpdates "HTTP/1.1 200 OK"
2026-02-03 17:07:29,568 - httpx - INFO - HTTP Request: POST https://api.telegram.org/bot8250421622:AAH5Sk494L0LJZrTUIniCqxRqq1bOG9-JFg/getUpdates "HTTP/1.1 200 OK"
2026-02-03 17:07:39,996 - httpx - INFO - HTTP Request: POST https://api.telegram.org/bot8250421622:AAH5Sk494L0LJZrTUIniCqxRqq1bOG9-JFg/getUpdates "HTTP/1.1 200 OK"
2026-02-03 17:07:50,277 - httpx - INFO - HTTP Request: POST https://api.telegram.org/bot8250421622:AAH5Sk494L0LJZrTUIniCqxRqq1bOG9-JFg/getUpdates "HTTP/1.1 200 OK"
2026-02-03 17:08:00,471 - httpx - INFO - HTTP Request: POST https://api.telegram.org/bot8250421622:AAH5Sk494L0LJZrTUIniCqxRqq1bOG9-JFg/getUpdates "HTTP/1.1 200 OK"
2026-02-03 17:08:10,846 - httpx - INFO - HTTP Request: POST https://api.telegram.org/bot8250421622:AAH5Sk494L0LJZrTUIniCqxRqq1bOG9-JFg/getUpdates "HTTP/1.1 200 OK"
2026-02-03 17:08:21,008 - httpx - INFO - HTTP Request: POST https://api.telegram.org/bot8250421622:AAH5Sk494L0LJZrTUIniCqxRqq1bOG9-JFg/getUpdates "HTTP/1.1 200 OK"
2026-02-03 17:08:31,172 - httpx - INFO - HTTP Request: POST https://api.telegram.org/bot8250421622:AAH5Sk494L0LJZrTUIniCqxRqq1bOG9-JFg/getUpdates "HTTP/1.1 200 OK"
2026-02-03 17:08:41,443 - httpx - INFO - HTTP Request: POST https://api.telegram.org/bot8250421622:AAH5Sk494L0LJZrTUIniCqxRqq1bOG9-JFg/getUpdates "HTTP/1.1 200 OK"
2026-02-03 17:08:51,744 - httpx - INFO - HTTP Request: POST https://api.telegram.org/bot8250421622:AAH5Sk494L0LJZrTUIniCqxRqq1bOG9-JFg/getUpdates "HTTP/1.1 200 OK"
2026-02-03 17:09:01,856 - httpx - INFO - HTTP Request: POST https://api.telegram.org/bot8250421622:AAH5Sk494L0LJZrTUIniCqxRqq1bOG9-JFg/getUpdates "HTTP/1.1 200 OK"
2026-02-03 17:09:12,373 - httpx - INFO - HTTP Request: POST https://api.telegram.org/bot8250421622:AAH5Sk494L0LJZrTUIniCqxRqq1bOG9-JFg/getUpdates "HTTP/1.1 200 OK"
2026-02-03 17:09:22,481 - httpx - INFO - HTTP Request: POST https://api.telegram.org/bot8250421622:AAH5Sk494L0LJZrTUIniCqxRqq1bOG9-JFg/getUpdates "HTTP/1.1 200 OK"
2026-02-03 17:09:32,748 - httpx - INFO - HTTP Request: POST https://api.telegram.org/bot8250421622:AAH5Sk494L0LJZrTUIniCqxRqq1bOG9-JFg/getUpdates "HTTP/1.1 200 OK"
2026-02-03 17:09:43,270 - httpx - INFO - HTTP Request: POST https://api.telegram.org/bot8250421622:AAH5Sk494L0LJZrTUIniCqxRqq1bOG9-JFg/getUpdates "HTTP/1.1 200 OK"
2026-02-03 17:09:53,385 - httpx - INFO - HTTP Request: POST https://api.telegram.org/bot8250421622:AAH5Sk494L0LJZrTUIniCqxRqq1bOG9-JFg/getUpdates "HTTP/1.1 200 OK"
2026-02-03 17:10:03,502 - httpx - INFO - HTTP Request: POST https://api.telegram.org/bot8250421622:AAH5Sk494L0LJZrTUIniCqxRqq1bOG9-JFg/getUpdates "HTTP/1.1 200 OK"
2026-02-03 17:10:13,783 - httpx - INFO - HTTP Request: POST https://api.telegram.org/bot8250421622:AAH5Sk494L0LJZrTUIniCqxRqq1bOG9-JFg/getUpdates "HTTP/1.1 200 OK"
2026-02-03 17:10:23,915 - httpx - INFO - HTTP Request: POST https://api.telegram.org/bot8250421622:AAH5Sk494L0LJZrTUIniCqxRqq1bOG9-JFg/getUpdates "HTTP/1.1 200 OK"
2026-02-03 17:10:34,269 - httpx - INFO - HTTP Request: POST https://api.telegram.org/bot8250421622:AAH5Sk494L0LJZrTUIniCqxRqq1bOG9-JFg/getUpdates "HTTP/1.1 200 OK"
2026-02-03 17:10:44,565 - httpx - INFO - HTTP Request: POST https://api.telegram.org/bot8250421622:AAH5Sk494L0LJZrTUIniCqxRqq1bOG9-JFg/getUpdates "HTTP/1.1 200 OK"
2026-02-03 17:10:54,893 - httpx - INFO - HTTP Request: POST https://api.telegram.org/bot8250421622:AAH5Sk494L0LJZrTUIniCqxRqq1bOG9-JFg/getUpdates "HTTP/1.1 200 OK"
2026-02-03 17:11:05,151 - httpx - INFO - HTTP Request: POST https://api.telegram.org/bot8250421622:AAH5Sk494L0LJZrTUIniCqxRqq1bOG9-JFg/getUpdates "HTTP/1.1 200 OK"
2026-02-03 17:11:15,281 - httpx - INFO - HTTP Request: POST https://api.telegram.org/bot8250421622:AAH5Sk494L0LJZrTUIniCqxRqq1bOG9-JFg/getUpdates "HTTP/1.1 200 OK"
2026-02-03 17:11:25,390 - httpx - INFO - HTTP Request: POST https://api.telegram.org/bot8250421622:AAH5Sk494L0LJZrTUIniCqxRqq1bOG9-JFg/getUpdates "HTTP/1.1 200 OK"
2026-02-03 17:11:35,501 - httpx - INFO - HTTP Request: POST https://api.telegram.org/bot8250421622:AAH5Sk494L0LJZrTUIniCqxRqq1bOG9-JFg/getUpdates "HTTP/1.1 200 OK"
2026-02-03 17:11:45,616 - httpx - INFO - HTTP Request: POST https://api.telegram.org/bot8250421622:AAH5Sk494L0LJZrTUIniCqxRqq1bOG9-JFg/getUpdates "HTTP/1.1 200 OK"
2026-02-03 17:11:55,736 - httpx - INFO - HTTP Request: POST https://api.telegram.org/bot8250421622:AAH5Sk494L0LJZrTUIniCqxRqq1bOG9-JFg/getUpdates "HTTP/1.1 200 OK"
2026-02-03 17:12:06,044 - httpx - INFO - HTTP Request: POST https://api.telegram.org/bot8250421622:AAH5Sk494L0LJZrTUIniCqxRqq1bOG9-JFg/getUpdates "HTTP/1.1 200 OK"
2026-02-03 17:12:16,163 - httpx - INFO - HTTP Request: POST https://api.telegram.org/bot8250421622:AAH5Sk494L0LJZrTUIniCqxRqq1bOG9-JFg/getUpdates "HTTP/1.1 200 OK"
2026-02-03 17:12:26,291 - httpx - INFO - HTTP Request: POST https://api.telegram.org/bot8250421622:AAH5Sk494L0LJZrTUIniCqxRqq1bOG9-JFg/getUpdates "HTTP/1.1 200 OK"
2026-02-03 17:12:36,420 - httpx - INFO - HTTP Request: POST https://api.telegram.org/bot8250421622:AAH5Sk494L0LJZrTUIniCqxRqq1bOG9-JFg/getUpdates "HTTP/1.1 200 OK"
2026-02-03 17:12:46,530 - httpx - INFO - HTTP Request: POST https://api.telegram.org/bot8250421622:AAH5Sk494L0LJZrTUIniCqxRqq1bOG9-JFg/getUpdates "HTTP/1.1 200 OK"
2026-02-03 17:12:56,640 - httpx - INFO - HTTP Request: POST https://api.telegram.org/bot8250421622:AAH5Sk494L0LJZrTUIniCqxRqq1bOG9-JFg/getUpdates "HTTP/1.1 200 OK"
2026-02-03 17:13:06,747 - httpx - INFO - HTTP Request: POST https://api.telegram.org/bot8250421622:AAH5Sk494L0LJZrTUIniCqxRqq1bOG9-JFg/getUpdates "HTTP/1.1 200 OK"
2026-02-03 17:13:16,856 - httpx - INFO - HTTP Request: POST https://api.telegram.org/bot8250421622:AAH5Sk494L0LJZrTUIniCqxRqq1bOG9-JFg/getUpdates "HTTP/1.1 200 OK"
2026-02-03 17:13:27,014 - httpx - INFO - HTTP Request: POST https://api.telegram.org/bot8250421622:AAH5Sk494L0LJZrTUIniCqxRqq1bOG9-JFg/getUpdates "HTTP/1.1 200 OK"
2026-02-03 17:13:37,249 - httpx - INFO - HTTP Request: POST https://api.telegram.org/bot8250421622:AAH5Sk494L0LJZrTUIniCqxRqq1bOG9-JFg/getUpdates "HTTP/1.1 200 OK"
2026-02-03 17:13:50,839 - httpx - INFO - HTTP Request: POST https://api.telegram.org/bot8250421622:AAH5Sk494L0LJZrTUIniCqxRqq1bOG9-JFg/getUpdates "HTTP/1.1 200 OK"
2026-02-03 17:14:01,311 - httpx - INFO - HTTP Request: POST https://api.telegram.org/bot8250421622:AAH5Sk494L0LJZrTUIniCqxRqq1bOG9-JFg/getUpdates "HTTP/1.1 200 OK"
2026-02-03 17:14:11,443 - httpx - INFO - HTTP Request: POST https://api.telegram.org/bot8250421622:AAH5Sk494L0LJZrTUIniCqxRqq1bOG9-JFg/getUpdates "HTTP/1.1 200 OK"
2026-02-03 17:14:21,712 - httpx - INFO - HTTP Request: POST https://api.telegram.org/bot8250421622:AAH5Sk494L0LJZrTUIniCqxRqq1bOG9-JFg/getUpdates "HTTP/1.1 200 OK"
2026-02-03 17:14:31,909 - httpx - INFO - HTTP Request: POST https://api.telegram.org/bot8250421622:AAH5Sk494L0LJZrTUIniCqxRqq1bOG9-JFg/getUpdates "HTTP/1.1 200 OK"
2026-02-03 17:14:42,281 - httpx - INFO - HTTP Request: POST https://api.telegram.org/bot8250421622:AAH5Sk494L0LJZrTUIniCqxRqq1bOG9-JFg/getUpdates "HTTP/1.1 200 OK"
2026-02-03 17:14:52,392 - httpx - INFO - HTTP Request: POST https://api.telegram.org/bot8250421622:AAH5Sk494L0LJZrTUIniCqxRqq1bOG9-JFg/getUpdates "HTTP/1.1 200 OK"
2026-02-03 17:15:02,507 - httpx - INFO - HTTP Request: POST https://api.telegram.org/bot8250421622:AAH5Sk494L0LJZrTUIniCqxRqq1bOG9-JFg/getUpdates "HTTP/1.1 200 OK"
2026-02-03 17:15:12,621 - httpx - INFO - HTTP Request: POST https://api.telegram.org/bot8250421622:AAH5Sk494L0LJZrTUIniCqxRqq1bOG9-JFg/getUpdates "HTTP/1.1 200 OK"
2026-02-03 17:15:22,733 - httpx - INFO - HTTP Request: POST https://api.telegram.org/bot8250421622:AAH5Sk494L0LJZrTUIniCqxRqq1bOG9-JFg/getUpdates "HTTP/1.1 200 OK"
2026-02-03 17:15:32,843 - httpx - INFO - HTTP Request: POST https://api.telegram.org/bot8250421622:AAH5Sk494L0LJZrTUIniCqxRqq1bOG9-JFg/getUpdates "HTTP/1.1 200 OK"
2026-02-03 17:15:42,959 - httpx - INFO - HTTP Request: POST https://api.telegram.org/bot8250421622:AAH5Sk494L0LJZrTUIniCqxRqq1bOG9-JFg/getUpdates "HTTP/1.1 200 OK"
2026-02-03 17:15:53,083 - httpx - INFO - HTTP Request: POST https://api.telegram.org/bot8250421622:AAH5Sk494L0LJZrTUIniCqxRqq1bOG9-JFg/getUpdates "HTTP/1.1 200 OK"
2026-02-03 17:16:03,211 - httpx - INFO - HTTP Request: POST https://api.telegram.org/bot8250421622:AAH5Sk494L0LJZrTUIniCqxRqq1bOG9-JFg/getUpdates "HTTP/1.1 200 OK"
2026-02-03 17:16:13,324 - httpx - INFO - HTTP Request: POST https://api.telegram.org/bot8250421622:AAH5Sk494L0LJZrTUIniCqxRqq1bOG9-JFg/getUpdates "HTTP/1.1 200 OK"
2026-02-03 17:16:24,501 - httpx - INFO - HTTP Request: POST https://api.telegram.org/bot8250421622:AAH5Sk494L0LJZrTUIniCqxRqq1bOG9-JFg/getUpdates "HTTP/1.1 200 OK"
2026-02-03 17:16:34,881 - httpx - INFO - HTTP Request: POST https://api.telegram.org/bot8250421622:AAH5Sk494L0LJZrTUIniCqxRqq1bOG9-JFg/getUpdates "HTTP/1.1 200 OK"
2026-02-03 17:16:45,145 - httpx - INFO - HTTP Request: POST https://api.telegram.org/bot8250421622:AAH5Sk494L0LJZrTUIniCqxRqq1bOG9-JFg/getUpdates "HTTP/1.1 200 OK"
2026-02-03 17:16:55,318 - httpx - INFO - HTTP Request: POST https://api.telegram.org/bot8250421622:AAH5Sk494L0LJZrTUIniCqxRqq1bOG9-JFg/getUpdates "HTTP/1.1 200 OK"
2026-02-03 17:17:05,434 - httpx - INFO - HTTP Request: POST https://api.telegram.org/bot8250421622:AAH5Sk494L0LJZrTUIniCqxRqq1bOG9-JFg/getUpdates "HTTP/1.1 200 OK"
2026-02-03 17:17:15,664 - httpx - INFO - HTTP Request: POST https://api.telegram.org/bot8250421622:AAH5Sk494L0LJZrTUIniCqxRqq1bOG9-JFg/getUpdates "HTTP/1.1 200 OK"
2026-02-03 17:17:26,058 - httpx - INFO - HTTP Request: POST https://api.telegram.org/bot8250421622:AAH5Sk494L0LJZrTUIniCqxRqq1bOG9-JFg/getUpdates "HTTP/1.1 200 OK"
2026-02-03 17:17:36,177 - httpx - INFO - HTTP Request: POST https://api.telegram.org/bot8250421622:AAH5Sk494L0LJZrTUIniCqxRqq1bOG9-JFg/getUpdates "HTTP/1.1 200 OK"
2026-02-03 17:17:46,304 - httpx - INFO - HTTP Request: POST https://api.telegram.org/bot8250421622:AAH5Sk494L0LJZrTUIniCqxRqq1bOG9-JFg/getUpdates "HTTP/1.1 200 OK"
2026-02-03 17:17:56,411 - httpx - INFO - HTTP Request: POST https://api.telegram.org/bot8250421622:AAH5Sk494L0LJZrTUIniCqxRqq1bOG9-JFg/getUpdates "HTTP/1.1 200 OK"
2026-02-03 17:18:06,525 - httpx - INFO - HTTP Request: POST https://api.telegram.org/bot8250421622:AAH5Sk494L0LJZrTUIniCqxRqq1bOG9-JFg/getUpdates "HTTP/1.1 200 OK"
2026-02-03 17:18:16,637 - httpx - INFO - HTTP Request: POST https://api.telegram.org/bot8250421622:AAH5Sk494L0LJZrTUIniCqxRqq1bOG9-JFg/getUpdates "HTTP/1.1 200 OK"
2026-02-03 17:18:26,750 - httpx - INFO - HTTP Request: POST https://api.telegram.org/bot8250421622:AAH5Sk494L0LJZrTUIniCqxRqq1bOG9-JFg/getUpdates "HTTP/1.1 200 OK"
2026-02-03 17:18:36,864 - httpx - INFO - HTTP Request: POST https://api.telegram.org/bot8250421622:AAH5Sk494L0LJZrTUIniCqxRqq1bOG9-JFg/getUpdates "HTTP/1.1 200 OK"
2026-02-03 17:18:46,978 - httpx - INFO - HTTP Request: POST https://api.telegram.org/bot8250421622:AAH5Sk494L0LJZrTUIniCqxRqq1bOG9-JFg/getUpdates "HTTP/1.1 200 OK"
2026-02-03 17:18:57,085 - httpx - INFO - HTTP Request: POST https://api.telegram.org/bot8250421622:AAH5Sk494L0LJZrTUIniCqxRqq1bOG9-JFg/getUpdates "HTTP/1.1 200 OK"
2026-02-03 17:19:07,193 - httpx - INFO - HTTP Request: POST https://api.telegram.org/bot8250421622:AAH5Sk494L0LJZrTUIniCqxRqq1bOG9-JFg/getUpdates "HTTP/1.1 200 OK"
2026-02-03 17:19:17,301 - httpx - INFO - HTTP Request: POST https://api.telegram.org/bot8250421622:AAH5Sk494L0LJZrTUIniCqxRqq1bOG9-JFg/getUpdates "HTTP/1.1 200 OK"
2026-02-03 17:19:27,412 - httpx - INFO - HTTP Request: POST https://api.telegram.org/bot8250421622:AAH5Sk494L0LJZrTUIniCqxRqq1bOG9-JFg/getUpdates "HTTP/1.1 200 OK"
2026-02-03 17:19:37,523 - httpx - INFO - HTTP Request: POST https://api.telegram.org/bot8250421622:AAH5Sk494L0LJZrTUIniCqxRqq1bOG9-JFg/getUpdates "HTTP/1.1 200 OK"
2026-02-03 17:19:47,633 - httpx - INFO - HTTP Request: POST https://api.telegram.org/bot8250421622:AAH5Sk494L0LJZrTUIniCqxRqq1bOG9-JFg/getUpdates "HTTP/1.1 200 OK"
2026-02-03 17:19:57,745 - httpx - INFO - HTTP Request: POST https://api.telegram.org/bot8250421622:AAH5Sk494L0LJZrTUIniCqxRqq1bOG9-JFg/getUpdates "HTTP/1.1 200 OK"
2026-02-03 17:20:02,564 - httpx - INFO - HTTP Request: POST https://api.telegram.org/bot8250421622:AAH5Sk494L0LJZrTUIniCqxRqq1bOG9-JFg/getUpdates "HTTP/1.1 200 OK"
2026-02-03 17:20:02,568 - telegram.ext.Application - INFO - Application is stopping. This might take a moment.
2026-02-03 17:20:02,570 - apscheduler.scheduler - INFO - Scheduler has been shut down
2026-02-03 17:20:02,588 - telegram.ext.Application - INFO - Application.stop() complete
2026-02-03 17:20:08,064 - __main__ - INFO - Database initialized successfully
2026-02-03 17:20:08,066 - __main__ - INFO - Database initialized successfully
2026-02-03 17:20:08,068 - __main__ - INFO - Schedulers started
2026-02-03 17:20:08,572 - httpx - INFO - HTTP Request: POST https://api.telegram.org/bot8250421622:AAH5Sk494L0LJZrTUIniCqxRqq1bOG9-JFg/getMe "HTTP/1.1 200 OK"
2026-02-03 17:20:08,705 - httpx - INFO - HTTP Request: POST https://api.telegram.org/bot8250421622:AAH5Sk494L0LJZrTUIniCqxRqq1bOG9-JFg/deleteWebhook "HTTP/1.1 200 OK"
2026-02-03 17:20:08,713 - apscheduler.scheduler - INFO - Scheduler started
2026-02-03 17:20:08,714 - telegram.ext.Application - INFO - Application started
2026-02-03 17:20:19,032 - httpx - INFO - HTTP Request: POST https://api.telegram.org/bot8250421622:AAH5Sk494L0LJZrTUIniCqxRqq1bOG9-JFg/getUpdates "HTTP/1.1 200 OK"
2026-02-03 17:20:28,233 - httpx - INFO - HTTP Request: POST https://api.telegram.org/bot8250421622:AAH5Sk494L0LJZrTUIniCqxRqq1bOG9-JFg/getUpdates "HTTP/1.1 200 OK"
2026-02-03 17:20:28,238 - __main__ - ERROR - User add error: table users has no column named is_admin
2026-02-03 17:20:28,661 - httpx - INFO - HTTP Request: POST https://api.telegram.org/bot8250421622:AAH5Sk494L0LJZrTUIniCqxRqq1bOG9-JFg/sendMessage "HTTP/1.1 200 OK"
2026-02-03 17:20:38,375 - httpx - INFO - HTTP Request: POST https://api.telegram.org/bot8250421622:AAH5Sk494L0LJZrTUIniCqxRqq1bOG9-JFg/getUpdates "HTTP/1.1 200 OK"
2026-02-03 17:20:48,488 - httpx - INFO - HTTP Request: POST https://api.telegram.org/bot8250421622:AAH5Sk494L0LJZrTUIniCqxRqq1bOG9-JFg/getUpdates "HTTP/1.1 200 OK"
2026-02-03 17:20:59,055 - httpx - INFO - HTTP Request: POST https://api.telegram.org/bot8250421622:AAH5Sk494L0LJZrTUIniCqxRqq1bOG9-JFg/getUpdates "HTTP/1.1 200 OK"
2026-02-03 17:21:09,394 - httpx - INFO - HTTP Request: POST https://api.telegram.org/bot8250421622:AAH5Sk494L0LJZrTUIniCqxRqq1bOG9-JFg/getUpdates "HTTP/1.1 200 OK"
2026-02-03 17:21:19,504 - httpx - INFO - HTTP Request: POST https://api.telegram.org/bot8250421622:AAH5Sk494L0LJZrTUIniCqxRqq1bOG9-JFg/getUpdates "HTTP/1.1 200 OK"
2026-02-03 17:21:29,614 - httpx - INFO - HTTP Request: POST https://api.telegram.org/bot8250421622:AAH5Sk494L0LJZrTUIniCqxRqq1bOG9-JFg/getUpdates "HTTP/1.1 200 OK"
2026-02-03 17:21:39,859 - httpx - INFO - HTTP Request: POST https://api.telegram.org/bot8250421622:AAH5Sk494L0LJZrTUIniCqxRqq1bOG9-JFg/getUpdates "HTTP/1.1 200 OK"
2026-02-03 17:21:50,355 - httpx - INFO - HTTP Request: POST https://api.telegram.org/bot8250421622:AAH5Sk494L0LJZrTUIniCqxRqq1bOG9-JFg/getUpdates "HTTP/1.1 200 OK"
2026-02-03 17:22:00,465 - httpx - INFO - HTTP Request: POST https://api.telegram.org/bot8250421622:AAH5Sk494L0LJZrTUIniCqxRqq1bOG9-JFg/getUpdates "HTTP/1.1 200 OK"
2026-02-03 17:22:11,041 - httpx - INFO - HTTP Request: POST https://api.telegram.org/bot8250421622:AAH5Sk494L0LJZrTUIniCqxRqq1bOG9-JFg/getUpdates "HTTP/1.1 200 OK"
2026-02-03 17:22:21,223 - httpx - INFO - HTTP Request: POST https://api.telegram.org/bot8250421622:AAH5Sk494L0LJZrTUIniCqxRqq1bOG9-JFg/getUpdates "HTTP/1.1 200 OK"
2026-02-03 17:22:31,433 - httpx - INFO - HTTP Request: POST https://api.telegram.org/bot8250421622:AAH5Sk494L0LJZrTUIniCqxRqq1bOG9-JFg/getUpdates "HTTP/1.1 200 OK"
2026-02-03 17:22:41,580 - httpx - INFO - HTTP Request: POST https://api.telegram.org/bot8250421622:AAH5Sk494L0LJZrTUIniCqxRqq1bOG9-JFg/getUpdates "HTTP/1.1 200 OK"
2026-02-03 17:22:51,726 - httpx - INFO - HTTP Request: POST https://api.telegram.org/bot8250421622:AAH5Sk494L0LJZrTUIniCqxRqq1bOG9-JFg/getUpdates "HTTP/1.1 200 OK"
2026-02-03 17:23:01,839 - httpx - INFO - HTTP Request: POST https://api.telegram.org/bot8250421622:AAH5Sk494L0LJZrTUIniCqxRqq1bOG9-JFg/getUpdates "HTTP/1.1 200 OK"
2026-02-03 17:23:11,957 - httpx - INFO - HTTP Request: POST https://api.telegram.org/bot8250421622:AAH5Sk494L0LJZrTUIniCqxRqq1bOG9-JFg/getUpdates "HTTP/1.1 200 OK"
2026-02-03 17:23:13,160 - httpx - INFO - HTTP Request: POST https://api.telegram.org/bot8250421622:AAH5Sk494L0LJZrTUIniCqxRqq1bOG9-JFg/getUpdates "HTTP/1.1 200 OK"
2026-02-03 17:23:13,166 - __main__ - ERROR - User add error: table users has no column named is_admin
2026-02-03 17:23:13,714 - httpx - INFO - HTTP Request: POST https://api.telegram.org/bot8250421622:AAH5Sk494L0LJZrTUIniCqxRqq1bOG9-JFg/sendMessage "HTTP/1.1 200 OK"
2026-02-03 17:23:16,197 - httpx - INFO - HTTP Request: POST https://api.telegram.org/bot8250421622:AAH5Sk494L0LJZrTUIniCqxRqq1bOG9-JFg/getUpdates "HTTP/1.1 200 OK"
2026-02-03 17:23:16,359 - httpx - INFO - HTTP Request: POST https://api.telegram.org/bot8250421622:AAH5Sk494L0LJZrTUIniCqxRqq1bOG9-JFg/sendMessage "HTTP/1.1 200 OK"
2026-02-03 17:23:26,334 - httpx - INFO - HTTP Request: POST https://api.telegram.org/bot8250421622:AAH5Sk494L0LJZrTUIniCqxRqq1bOG9-JFg/getUpdates "HTTP/1.1 200 OK"
2026-02-03 17:23:36,447 - httpx - INFO - HTTP Request: POST https://api.telegram.org/bot8250421622:AAH5Sk494L0LJZrTUIniCqxRqq1bOG9-JFg/getUpdates "HTTP/1.1 200 OK"
2026-02-03 17:23:46,558 - httpx - INFO - HTTP Request: POST https://api.telegram.org/bot8250421622:AAH5Sk494L0LJZrTUIniCqxRqq1bOG9-JFg/getUpdates "HTTP/1.1 200 OK"
2026-02-03 17:23:56,668 - httpx - INFO - HTTP Request: POST https://api.telegram.org/bot8250421622:AAH5Sk494L0LJZrTUIniCqxRqq1bOG9-JFg/getUpdates "HTTP/1.1 200 OK"
2026-02-03 17:24:06,778 - httpx - INFO - HTTP Request: POST https://api.telegram.org/bot8250421622:AAH5Sk494L0LJZrTUIniCqxRqq1bOG9-JFg/getUpdates "HTTP/1.1 200 OK"
2026-02-03 17:24:16,887 - httpx - INFO - HTTP Request: POST https://api.telegram.org/bot8250421622:AAH5Sk494L0LJZrTUIniCqxRqq1bOG9-JFg/getUpdates "HTTP/1.1 200 OK"
2026-02-03 17:24:27,003 - httpx - INFO - HTTP Request: POST https://api.telegram.org/bot8250421622:AAH5Sk494L0LJZrTUIniCqxRqq1bOG9-JFg/getUpdates "HTTP/1.1 200 OK"
2026-02-03 17:24:37,113 - httpx - INFO - HTTP Request: POST https://api.telegram.org/bot8250421622:AAH5Sk494L0LJZrTUIniCqxRqq1bOG9-JFg/getUpdates "HTTP/1.1 200 OK"
2026-02-03 17:24:47,222 - httpx - INFO - HTTP Request: POST https://api.telegram.org/bot8250421622:AAH5Sk494L0LJZrTUIniCqxRqq1bOG9-JFg/getUpdates "HTTP/1.1 200 OK"
2026-02-03 17:24:57,355 - httpx - INFO - HTTP Request: POST https://api.telegram.org/bot8250421622:AAH5Sk494L0LJZrTUIniCqxRqq1bOG9-JFg/getUpdates "HTTP/1.1 200 OK"
2026-02-03 17:25:07,485 - httpx - INFO - HTTP Request: POST https://api.telegram.org/bot8250421622:AAH5Sk494L0LJZrTUIniCqxRqq1bOG9-JFg/getUpdates "HTTP/1.1 200 OK"
2026-02-03 17:25:17,620 - httpx - INFO - HTTP Request: POST https://api.telegram.org/bot8250421622:AAH5Sk494L0LJZrTUIniCqxRqq1bOG9-JFg/getUpdates "HTTP/1.1 200 OK"
2026-02-03 17:25:27,727 - httpx - INFO - HTTP Request: POST https://api.telegram.org/bot8250421622:AAH5Sk494L0LJZrTUIniCqxRqq1bOG9-JFg/getUpdates "HTTP/1.1 200 OK"
2026-02-03 17:25:37,834 - httpx - INFO - HTTP Request: POST https://api.telegram.org/bot8250421622:AAH5Sk494L0LJZrTUIniCqxRqq1bOG9-JFg/getUpdates "HTTP/1.1 200 OK"
2026-02-03 17:25:47,951 - httpx - INFO - HTTP Request: POST https://api.telegram.org/bot8250421622:AAH5Sk494L0LJZrTUIniCqxRqq1bOG9-JFg/getUpdates "HTTP/1.1 200 OK"
2026-02-03 17:25:58,256 - httpx - INFO - HTTP Request: POST https://api.telegram.org/bot8250421622:AAH5Sk494L0LJZrTUIniCqxRqq1bOG9-JFg/getUpdates "HTTP/1.1 200 OK"
2026-02-03 17:26:08,607 - httpx - INFO - HTTP Request: POST https://api.telegram.org/bot8250421622:AAH5Sk494L0LJZrTUIniCqxRqq1bOG9-JFg/getUpdates "HTTP/1.1 200 OK"
2026-02-03 17:26:18,886 - httpx - INFO - HTTP Request: POST https://api.telegram.org/bot8250421622:AAH5Sk494L0LJZrTUIniCqxRqq1bOG9-JFg/getUpdates "HTTP/1.1 200 OK"
2026-02-03 17:26:29,282 - httpx - INFO - HTTP Request: POST https://api.telegram.org/bot8250421622:AAH5Sk494L0LJZrTUIniCqxRqq1bOG9-JFg/getUpdates "HTTP/1.1 200 OK"
2026-02-03 17:26:39,440 - httpx - INFO - HTTP Request: POST https://api.telegram.org/bot8250421622:AAH5Sk494L0LJZrTUIniCqxRqq1bOG9-JFg/getUpdates "HTTP/1.1 200 OK"
2026-02-03 17:26:49,556 - httpx - INFO - HTTP Request: POST https://api.telegram.org/bot8250421622:AAH5Sk494L0LJZrTUIniCqxRqq1bOG9-JFg/getUpdates "HTTP/1.1 200 OK"
2026-02-03 17:26:59,944 - httpx - INFO - HTTP Request: POST https://api.telegram.org/bot8250421622:AAH5Sk494L0LJZrTUIniCqxRqq1bOG9-JFg/getUpdates "HTTP/1.1 200 OK"
2026-02-03 17:27:10,062 - httpx - INFO - HTTP Request: POST https://api.telegram.org/bot8250421622:AAH5Sk494L0LJZrTUIniCqxRqq1bOG9-JFg/getUpdates "HTTP/1.1 200 OK"
2026-02-03 17:27:20,351 - httpx - INFO - HTTP Request: POST https://api.telegram.org/bot8250421622:AAH5Sk494L0LJZrTUIniCqxRqq1bOG9-JFg/getUpdates "HTTP/1.1 200 OK"
2026-02-03 17:27:30,630 - httpx - INFO - HTTP Request: POST https://api.telegram.org/bot8250421622:AAH5Sk494L0LJZrTUIniCqxRqq1bOG9-JFg/getUpdates "HTTP/1.1 200 OK"
2026-02-03 17:27:40,741 - httpx - INFO - HTTP Request: POST https://api.telegram.org/bot8250421622:AAH5Sk494L0LJZrTUIniCqxRqq1bOG9-JFg/getUpdates "HTTP/1.1 200 OK"
2026-02-03 17:27:50,924 - httpx - INFO - HTTP Request: POST https://api.telegram.org/bot8250421622:AAH5Sk494L0LJZrTUIniCqxRqq1bOG9-JFg/getUpdates "HTTP/1.1 200 OK"
2026-02-03 17:28:01,037 - httpx - INFO - HTTP Request: POST https://api.telegram.org/bot8250421622:AAH5Sk494L0LJZrTUIniCqxRqq1bOG9-JFg/getUpdates "HTTP/1.1 200 OK"
2026-02-03 17:28:11,387 - httpx - INFO - HTTP Request: POST https://api.telegram.org/bot8250421622:AAH5Sk494L0LJZrTUIniCqxRqq1bOG9-JFg/getUpdates "HTTP/1.1 200 OK"
2026-02-03 17:28:21,514 - httpx - INFO - HTTP Request: POST https://api.telegram.org/bot8250421622:AAH5Sk494L0LJZrTUIniCqxRqq1bOG9-JFg/getUpdates "HTTP/1.1 200 OK"
2026-02-03 17:28:31,769 - httpx - INFO - HTTP Request: POST https://api.telegram.org/bot8250421622:AAH5Sk494L0LJZrTUIniCqxRqq1bOG9-JFg/getUpdates "HTTP/1.1 200 OK"
2026-02-03 17:28:41,996 - httpx - INFO - HTTP Request: POST https://api.telegram.org/bot8250421622:AAH5Sk494L0LJZrTUIniCqxRqq1bOG9-JFg/getUpdates "HTTP/1.1 200 OK"
2026-02-03 17:28:52,125 - httpx - INFO - HTTP Request: POST https://api.telegram.org/bot8250421622:AAH5Sk494L0LJZrTUIniCqxRqq1bOG9-JFg/getUpdates "HTTP/1.1 200 OK"
2026-02-03 17:29:01,613 - httpx - INFO - HTTP Request: POST https://api.telegram.org/bot8250421622:AAH5Sk494L0LJZrTUIniCqxRqq1bOG9-JFg/getUpdates "HTTP/1.1 200 OK"
2026-02-03 17:29:01,620 - __main__ - ERROR - User add error: table users has no column named is_admin
2026-02-03 17:29:02,289 - httpx - INFO - HTTP Request: POST https://api.telegram.org/bot8250421622:AAH5Sk494L0LJZrTUIniCqxRqq1bOG9-JFg/sendMessage "HTTP/1.1 401 Unauthorized"
2026-02-03 17:29:02,293 - telegram.ext.Application - ERROR - No error handlers are registered, logging exception.
Traceback (most recent call last):
  File "C:\Users\User\AppData\Local\Programs\Python\Python313\Lib\site-packages\telegram\ext\_application.py", line 1315, in process_update
    await coroutine
  File "C:\Users\User\AppData\Local\Programs\Python\Python313\Lib\site-packages\telegram\ext\_handlers\basehandler.py", line 159, in handle_update
    return await self.callback(update, context)
           ^^^^^^^^^^^^^^^^^^^^^^^^^^^^^^^^^^^^
  File "C:\Users\User\Desktop\Eslatma Bot\bot.py", line 486, in start
    await update.message.reply_text(txt, reply_markup=self.get_main_keyboard(bool(is_admin)), parse_mode=ParseMode.MARKDOWN)
  File "C:\Users\User\AppData\Local\Programs\Python\Python313\Lib\site-packages\telegram\_message.py", line 2060, in reply_text
    return await self.get_bot().send_message(
           ^^^^^^^^^^^^^^^^^^^^^^^^^^^^^^^^^^
    ...<21 lines>...
    )
    ^
  File "C:\Users\User\AppData\Local\Programs\Python\Python313\Lib\site-packages\telegram\ext\_extbot.py", line 3107, in send_message
    return await super().send_message(
           ^^^^^^^^^^^^^^^^^^^^^^^^^^^
    ...<23 lines>...
    )
    ^
  File "C:\Users\User\AppData\Local\Programs\Python\Python313\Lib\site-packages\telegram\_bot.py", line 1118, in send_message
    return await self._send_message(
           ^^^^^^^^^^^^^^^^^^^^^^^^^
    ...<21 lines>...
    )
    ^
  File "C:\Users\User\AppData\Local\Programs\Python\Python313\Lib\site-packages\telegram\ext\_extbot.py", line 634, in _send_message
    result = await super()._send_message(
             ^^^^^^^^^^^^^^^^^^^^^^^^^^^^
    ...<23 lines>...
    )
    ^
  File "C:\Users\User\AppData\Local\Programs\Python\Python313\Lib\site-packages\telegram\_bot.py", line 819, in _send_message
    result = await self._post(
             ^^^^^^^^^^^^^^^^^
    ...<7 lines>...
    )
    ^
  File "C:\Users\User\AppData\Local\Programs\Python\Python313\Lib\site-packages\telegram\_bot.py", line 703, in _post
    return await self._do_post(
           ^^^^^^^^^^^^^^^^^^^^
    ...<6 lines>...
    )
    ^
  File "C:\Users\User\AppData\Local\Programs\Python\Python313\Lib\site-packages\telegram\ext\_extbot.py", line 372, in _do_post
    return await super()._do_post(
           ^^^^^^^^^^^^^^^^^^^^^^^
    ...<6 lines>...
    )
    ^
  File "C:\Users\User\AppData\Local\Programs\Python\Python313\Lib\site-packages\telegram\_bot.py", line 732, in _do_post
    result = await request.post(
             ^^^^^^^^^^^^^^^^^^^
    ...<6 lines>...
    )
    ^
  File "C:\Users\User\AppData\Local\Programs\Python\Python313\Lib\site-packages\telegram\request\_baserequest.py", line 198, in post
    result = await self._request_wrapper(
             ^^^^^^^^^^^^^^^^^^^^^^^^^^^^
    ...<7 lines>...
    )
    ^
  File "C:\Users\User\AppData\Local\Programs\Python\Python313\Lib\site-packages\telegram\request\_baserequest.py", line 375, in _request_wrapper
    raise exception
telegram.error.InvalidToken: Unauthorized: SESSION_REVOKED
2026-02-03 17:29:03,094 - httpx - INFO - HTTP Request: POST https://api.telegram.org/bot8250421622:AAH5Sk494L0LJZrTUIniCqxRqq1bOG9-JFg/getUpdates "HTTP/1.1 200 OK"
2026-02-03 17:29:03,294 - httpx - INFO - HTTP Request: POST https://api.telegram.org/bot8250421622:AAH5Sk494L0LJZrTUIniCqxRqq1bOG9-JFg/getUpdates "HTTP/1.1 401 Unauthorized"
2026-02-03 17:29:03,299 - telegram.ext - ERROR - Network Retry Loop (Polling Updates): Invalid token. Aborting retry loop.
Traceback (most recent call last):
  File "C:\Users\User\AppData\Local\Programs\Python\Python313\Lib\site-packages\telegram\ext\_utils\networkloop.py", line 134, in network_retry_loop
    await do_action()
  File "C:\Users\User\AppData\Local\Programs\Python\Python313\Lib\site-packages\telegram\ext\_utils\networkloop.py", line 127, in do_action
    action_cb_task.result()
    ~~~~~~~~~~~~~~~~~~~~~^^
  File "C:\Users\User\AppData\Local\Programs\Python\Python313\Lib\site-packages\telegram\ext\_updater.py", line 340, in polling_action_cb
    updates = await self.bot.get_updates(
              ^^^^^^^^^^^^^^^^^^^^^^^^^^^
    ...<3 lines>...
    )
    ^
  File "C:\Users\User\AppData\Local\Programs\Python\Python313\Lib\site-packages\telegram\ext\_extbot.py", line 676, in get_updates
    updates = await super().get_updates(
              ^^^^^^^^^^^^^^^^^^^^^^^^^^
    ...<9 lines>...
    )
    ^
  File "C:\Users\User\AppData\Local\Programs\Python\Python313\Lib\site-packages\telegram\_bot.py", line 4780, in get_updates
    await self._post(
    ^^^^^^^^^^^^^^^^^
    ...<7 lines>...
    ),
    ^
  File "C:\Users\User\AppData\Local\Programs\Python\Python313\Lib\site-packages\telegram\_bot.py", line 703, in _post
    return await self._do_post(
           ^^^^^^^^^^^^^^^^^^^^
    ...<6 lines>...
    )
    ^
  File "C:\Users\User\AppData\Local\Programs\Python\Python313\Lib\site-packages\telegram\ext\_extbot.py", line 372, in _do_post
    return await super()._do_post(
           ^^^^^^^^^^^^^^^^^^^^^^^
    ...<6 lines>...
    )
    ^
  File "C:\Users\User\AppData\Local\Programs\Python\Python313\Lib\site-packages\telegram\_bot.py", line 732, in _do_post
    result = await request.post(
             ^^^^^^^^^^^^^^^^^^^
    ...<6 lines>...
    )
    ^
  File "C:\Users\User\AppData\Local\Programs\Python\Python313\Lib\site-packages\telegram\request\_baserequest.py", line 198, in post
    result = await self._request_wrapper(
             ^^^^^^^^^^^^^^^^^^^^^^^^^^^^
    ...<7 lines>...
    )
    ^
  File "C:\Users\User\AppData\Local\Programs\Python\Python313\Lib\site-packages\telegram\request\_baserequest.py", line 375, in _request_wrapper
    raise exception
telegram.error.InvalidToken: Unauthorized
2026-02-03 17:29:07,213 - asyncio - ERROR - Task was destroyed but it is pending!
task: <Task pending name='Application:8250421622:update_fetcher' coro=<Application._update_fetcher() running at C:\Users\User\AppData\Local\Programs\Python\Python313\Lib\site-packages\telegram\ext\_application.py:1233> wait_for=<Future pending cb=[Task.task_wakeup()]>>
2026-02-03 17:29:09,596 - __main__ - INFO - Database initialized successfully
2026-02-03 17:29:09,598 - __main__ - INFO - Database initialized successfully
2026-02-03 17:29:09,599 - __main__ - INFO - Schedulers started
2026-02-03 17:29:16,308 - httpx - INFO - HTTP Request: POST https://api.telegram.org/bot8250421622:AAHpa6q_RMV1d3QNO4tM3YtT9h2jYJebvjw/deleteWebhook "HTTP/1.1 200 OK"
2026-02-03 17:29:16,316 - apscheduler.scheduler - INFO - Scheduler started
2026-02-03 17:29:16,962 - httpx - INFO - HTTP Request: POST https://api.telegram.org/bot8250421622:AAHpa6q_RMV1d3QNO4tM3YtT9h2jYJebvjw/getUpdates "HTTP/1.1 200 OK"
2026-02-03 17:36:17,615 - __main__ - INFO - Database initialized successfully
2026-02-03 17:36:17,617 - __main__ - INFO - Database initialized successfully
2026-02-03 17:36:17,618 - __main__ - INFO - Schedulers started
2026-02-03 17:36:18,381 - httpx - INFO - HTTP Request: POST https://api.telegram.org/bot8250421622:AAHpa6q_RMV1d3QNO4tM3YtT9h2jYJebvjw/getMe "HTTP/1.1 200 OK"
2026-02-03 17:36:18,931 - httpx - INFO - HTTP Request: POST https://api.telegram.org/bot8250421622:AAHpa6q_RMV1d3QNO4tM3YtT9h2jYJebvjw/deleteWebhook "HTTP/1.1 200 OK"
2026-02-03 17:36:18,939 - apscheduler.scheduler - INFO - Scheduler started
2026-02-03 17:36:18,941 - telegram.ext.Application - INFO - Application started
2026-02-03 17:36:24,757 - httpx - INFO - HTTP Request: POST https://api.telegram.org/bot8250421622:AAHpa6q_RMV1d3QNO4tM3YtT9h2jYJebvjw/getUpdates "HTTP/1.1 200 OK"
2026-02-03 17:36:24,763 - __main__ - ERROR - User add error: table users has no column named is_admin
2026-02-03 17:36:25,673 - httpx - INFO - HTTP Request: POST https://api.telegram.org/bot8250421622:AAHpa6q_RMV1d3QNO4tM3YtT9h2jYJebvjw/sendMessage "HTTP/1.1 200 OK"
2026-02-03 17:36:34,987 - httpx - INFO - HTTP Request: POST https://api.telegram.org/bot8250421622:AAHpa6q_RMV1d3QNO4tM3YtT9h2jYJebvjw/getUpdates "HTTP/1.1 200 OK"
2026-02-03 17:36:39,497 - httpx - INFO - HTTP Request: POST https://api.telegram.org/bot8250421622:AAHpa6q_RMV1d3QNO4tM3YtT9h2jYJebvjw/getUpdates "HTTP/1.1 200 OK"
2026-02-03 17:36:40,335 - httpx - INFO - HTTP Request: POST https://api.telegram.org/bot8250421622:AAHpa6q_RMV1d3QNO4tM3YtT9h2jYJebvjw/sendMessage "HTTP/1.1 200 OK"
2026-02-03 17:36:43,080 - httpx - INFO - HTTP Request: POST https://api.telegram.org/bot8250421622:AAHpa6q_RMV1d3QNO4tM3YtT9h2jYJebvjw/getUpdates "HTTP/1.1 200 OK"
2026-02-03 17:36:43,393 - httpx - INFO - HTTP Request: POST https://api.telegram.org/bot8250421622:AAHpa6q_RMV1d3QNO4tM3YtT9h2jYJebvjw/sendMessage "HTTP/1.1 200 OK"
2026-02-03 17:36:46,283 - httpx - INFO - HTTP Request: POST https://api.telegram.org/bot8250421622:AAHpa6q_RMV1d3QNO4tM3YtT9h2jYJebvjw/getUpdates "HTTP/1.1 200 OK"
2026-02-03 17:36:46,483 - httpx - INFO - HTTP Request: POST https://api.telegram.org/bot8250421622:AAHpa6q_RMV1d3QNO4tM3YtT9h2jYJebvjw/sendMessage "HTTP/1.1 200 OK"
2026-02-03 17:36:50,604 - httpx - INFO - HTTP Request: POST https://api.telegram.org/bot8250421622:AAHpa6q_RMV1d3QNO4tM3YtT9h2jYJebvjw/getUpdates "HTTP/1.1 200 OK"
2026-02-03 17:36:50,806 - httpx - INFO - HTTP Request: POST https://api.telegram.org/bot8250421622:AAHpa6q_RMV1d3QNO4tM3YtT9h2jYJebvjw/sendMessage "HTTP/1.1 200 OK"
2026-02-03 17:36:55,514 - httpx - INFO - HTTP Request: POST https://api.telegram.org/bot8250421622:AAHpa6q_RMV1d3QNO4tM3YtT9h2jYJebvjw/getUpdates "HTTP/1.1 200 OK"
2026-02-03 17:36:55,521 - telegram.ext.Application - ERROR - No error handlers are registered, logging exception.
Traceback (most recent call last):
  File "C:\Users\User\AppData\Local\Programs\Python\Python313\Lib\site-packages\telegram\ext\_application.py", line 1315, in process_update
    await coroutine
  File "C:\Users\User\AppData\Local\Programs\Python\Python313\Lib\site-packages\telegram\ext\_handlers\basehandler.py", line 159, in handle_update
    return await self.callback(update, context)
           ^^^^^^^^^^^^^^^^^^^^^^^^^^^^^^^^^^^^
  File "C:\Users\User\Desktop\Eslatma Bot\bot.py", line 594, in handle_message
    self.db.update_user_settings(user_id, currency='UZS')
    ~~~~~~~~~~~~~~~~~~~~~~~~~~~~^^^^^^^^^^^^^^^^^^^^^^^^^
  File "C:\Users\User\Desktop\Eslatma Bot\bot.py", line 177, in update_user_settings
    self.cursor.execute('UPDATE users SET currency = ? WHERE id = ?', (currency, user_id))
    ~~~~~~~~~~~~~~~~~~~^^^^^^^^^^^^^^^^^^^^^^^^^^^^^^^^^^^^^^^^^^^^^^^^^^^^^^^^^^^^^^^^^^^
sqlite3.OperationalError: no such column: currency
2026-02-03 17:37:01,183 - httpx - INFO - HTTP Request: POST https://api.telegram.org/bot8250421622:AAHpa6q_RMV1d3QNO4tM3YtT9h2jYJebvjw/getUpdates "HTTP/1.1 200 OK"
2026-02-03 17:37:01,749 - httpx - INFO - HTTP Request: POST https://api.telegram.org/bot8250421622:AAHpa6q_RMV1d3QNO4tM3YtT9h2jYJebvjw/sendMessage "HTTP/1.1 200 OK"
2026-02-03 17:37:02,123 - httpx - INFO - HTTP Request: POST https://api.telegram.org/bot8250421622:AAHpa6q_RMV1d3QNO4tM3YtT9h2jYJebvjw/sendMessage "HTTP/1.1 200 OK"
2026-02-03 17:37:07,911 - httpx - INFO - HTTP Request: POST https://api.telegram.org/bot8250421622:AAHpa6q_RMV1d3QNO4tM3YtT9h2jYJebvjw/getUpdates "HTTP/1.1 200 OK"
2026-02-03 17:37:08,839 - httpx - INFO - HTTP Request: POST https://api.telegram.org/bot8250421622:AAHpa6q_RMV1d3QNO4tM3YtT9h2jYJebvjw/sendMessage "HTTP/1.1 200 OK"
2026-02-03 17:37:18,064 - httpx - INFO - HTTP Request: POST https://api.telegram.org/bot8250421622:AAHpa6q_RMV1d3QNO4tM3YtT9h2jYJebvjw/getUpdates "HTTP/1.1 200 OK"
2026-02-03 17:37:18,840 - httpx - INFO - HTTP Request: POST https://api.telegram.org/bot8250421622:AAHpa6q_RMV1d3QNO4tM3YtT9h2jYJebvjw/sendMessage "HTTP/1.1 200 OK"
2026-02-03 17:37:28,352 - httpx - INFO - HTTP Request: POST https://api.telegram.org/bot8250421622:AAHpa6q_RMV1d3QNO4tM3YtT9h2jYJebvjw/getUpdates "HTTP/1.1 200 OK"
2026-02-03 17:37:38,659 - httpx - INFO - HTTP Request: POST https://api.telegram.org/bot8250421622:AAHpa6q_RMV1d3QNO4tM3YtT9h2jYJebvjw/getUpdates "HTTP/1.1 200 OK"
2026-02-03 17:37:48,930 - httpx - INFO - HTTP Request: POST https://api.telegram.org/bot8250421622:AAHpa6q_RMV1d3QNO4tM3YtT9h2jYJebvjw/getUpdates "HTTP/1.1 200 OK"
2026-02-03 17:37:59,285 - httpx - INFO - HTTP Request: POST https://api.telegram.org/bot8250421622:AAHpa6q_RMV1d3QNO4tM3YtT9h2jYJebvjw/getUpdates "HTTP/1.1 200 OK"
2026-02-03 17:38:09,820 - httpx - INFO - HTTP Request: POST https://api.telegram.org/bot8250421622:AAHpa6q_RMV1d3QNO4tM3YtT9h2jYJebvjw/getUpdates "HTTP/1.1 200 OK"
2026-02-03 17:38:19,959 - httpx - INFO - HTTP Request: POST https://api.telegram.org/bot8250421622:AAHpa6q_RMV1d3QNO4tM3YtT9h2jYJebvjw/getUpdates "HTTP/1.1 200 OK"
2026-02-03 17:38:30,203 - httpx - INFO - HTTP Request: POST https://api.telegram.org/bot8250421622:AAHpa6q_RMV1d3QNO4tM3YtT9h2jYJebvjw/getUpdates "HTTP/1.1 200 OK"
2026-02-03 17:38:40,459 - httpx - INFO - HTTP Request: POST https://api.telegram.org/bot8250421622:AAHpa6q_RMV1d3QNO4tM3YtT9h2jYJebvjw/getUpdates "HTTP/1.1 200 OK"
2026-02-03 17:38:50,678 - httpx - INFO - HTTP Request: POST https://api.telegram.org/bot8250421622:AAHpa6q_RMV1d3QNO4tM3YtT9h2jYJebvjw/getUpdates "HTTP/1.1 200 OK"
2026-02-03 17:39:00,931 - httpx - INFO - HTTP Request: POST https://api.telegram.org/bot8250421622:AAHpa6q_RMV1d3QNO4tM3YtT9h2jYJebvjw/getUpdates "HTTP/1.1 200 OK"
2026-02-03 17:39:11,282 - httpx - INFO - HTTP Request: POST https://api.telegram.org/bot8250421622:AAHpa6q_RMV1d3QNO4tM3YtT9h2jYJebvjw/getUpdates "HTTP/1.1 200 OK"
2026-02-03 17:39:21,497 - httpx - INFO - HTTP Request: POST https://api.telegram.org/bot8250421622:AAHpa6q_RMV1d3QNO4tM3YtT9h2jYJebvjw/getUpdates "HTTP/1.1 200 OK"
2026-02-03 17:39:31,741 - httpx - INFO - HTTP Request: POST https://api.telegram.org/bot8250421622:AAHpa6q_RMV1d3QNO4tM3YtT9h2jYJebvjw/getUpdates "HTTP/1.1 200 OK"
2026-02-03 17:39:42,009 - httpx - INFO - HTTP Request: POST https://api.telegram.org/bot8250421622:AAHpa6q_RMV1d3QNO4tM3YtT9h2jYJebvjw/getUpdates "HTTP/1.1 200 OK"
2026-02-03 17:39:52,325 - httpx - INFO - HTTP Request: POST https://api.telegram.org/bot8250421622:AAHpa6q_RMV1d3QNO4tM3YtT9h2jYJebvjw/getUpdates "HTTP/1.1 200 OK"
2026-02-03 17:40:02,564 - httpx - INFO - HTTP Request: POST https://api.telegram.org/bot8250421622:AAHpa6q_RMV1d3QNO4tM3YtT9h2jYJebvjw/getUpdates "HTTP/1.1 200 OK"
2026-02-03 17:40:12,680 - httpx - INFO - HTTP Request: POST https://api.telegram.org/bot8250421622:AAHpa6q_RMV1d3QNO4tM3YtT9h2jYJebvjw/getUpdates "HTTP/1.1 200 OK"
2026-02-03 17:40:23,087 - httpx - INFO - HTTP Request: POST https://api.telegram.org/bot8250421622:AAHpa6q_RMV1d3QNO4tM3YtT9h2jYJebvjw/getUpdates "HTTP/1.1 200 OK"
2026-02-03 17:40:33,326 - httpx - INFO - HTTP Request: POST https://api.telegram.org/bot8250421622:AAHpa6q_RMV1d3QNO4tM3YtT9h2jYJebvjw/getUpdates "HTTP/1.1 200 OK"
2026-02-03 17:40:43,526 - httpx - INFO - HTTP Request: POST https://api.telegram.org/bot8250421622:AAHpa6q_RMV1d3QNO4tM3YtT9h2jYJebvjw/getUpdates "HTTP/1.1 200 OK"
2026-02-03 17:40:53,643 - httpx - INFO - HTTP Request: POST https://api.telegram.org/bot8250421622:AAHpa6q_RMV1d3QNO4tM3YtT9h2jYJebvjw/getUpdates "HTTP/1.1 200 OK"
2026-02-03 17:41:03,902 - httpx - INFO - HTTP Request: POST https://api.telegram.org/bot8250421622:AAHpa6q_RMV1d3QNO4tM3YtT9h2jYJebvjw/getUpdates "HTTP/1.1 200 OK"
2026-02-03 17:41:14,056 - httpx - INFO - HTTP Request: POST https://api.telegram.org/bot8250421622:AAHpa6q_RMV1d3QNO4tM3YtT9h2jYJebvjw/getUpdates "HTTP/1.1 200 OK"
2026-02-03 17:41:24,343 - httpx - INFO - HTTP Request: POST https://api.telegram.org/bot8250421622:AAHpa6q_RMV1d3QNO4tM3YtT9h2jYJebvjw/getUpdates "HTTP/1.1 200 OK"
2026-02-03 17:41:34,685 - httpx - INFO - HTTP Request: POST https://api.telegram.org/bot8250421622:AAHpa6q_RMV1d3QNO4tM3YtT9h2jYJebvjw/getUpdates "HTTP/1.1 200 OK"
2026-02-03 17:41:44,858 - httpx - INFO - HTTP Request: POST https://api.telegram.org/bot8250421622:AAHpa6q_RMV1d3QNO4tM3YtT9h2jYJebvjw/getUpdates "HTTP/1.1 200 OK"
2026-02-03 17:41:55,131 - httpx - INFO - HTTP Request: POST https://api.telegram.org/bot8250421622:AAHpa6q_RMV1d3QNO4tM3YtT9h2jYJebvjw/getUpdates "HTTP/1.1 200 OK"
2026-02-03 17:42:05,307 - httpx - INFO - HTTP Request: POST https://api.telegram.org/bot8250421622:AAHpa6q_RMV1d3QNO4tM3YtT9h2jYJebvjw/getUpdates "HTTP/1.1 200 OK"
2026-02-03 17:42:15,447 - httpx - INFO - HTTP Request: POST https://api.telegram.org/bot8250421622:AAHpa6q_RMV1d3QNO4tM3YtT9h2jYJebvjw/getUpdates "HTTP/1.1 200 OK"
2026-02-03 17:42:25,576 - httpx - INFO - HTTP Request: POST https://api.telegram.org/bot8250421622:AAHpa6q_RMV1d3QNO4tM3YtT9h2jYJebvjw/getUpdates "HTTP/1.1 200 OK"
2026-02-03 17:42:35,714 - httpx - INFO - HTTP Request: POST https://api.telegram.org/bot8250421622:AAHpa6q_RMV1d3QNO4tM3YtT9h2jYJebvjw/getUpdates "HTTP/1.1 200 OK"
2026-02-03 17:42:45,842 - httpx - INFO - HTTP Request: POST https://api.telegram.org/bot8250421622:AAHpa6q_RMV1d3QNO4tM3YtT9h2jYJebvjw/getUpdates "HTTP/1.1 200 OK"
2026-02-03 17:42:55,975 - httpx - INFO - HTTP Request: POST https://api.telegram.org/bot8250421622:AAHpa6q_RMV1d3QNO4tM3YtT9h2jYJebvjw/getUpdates "HTTP/1.1 200 OK"
2026-02-03 17:43:06,084 - httpx - INFO - HTTP Request: POST https://api.telegram.org/bot8250421622:AAHpa6q_RMV1d3QNO4tM3YtT9h2jYJebvjw/getUpdates "HTTP/1.1 200 OK"
2026-02-03 17:43:16,243 - httpx - INFO - HTTP Request: POST https://api.telegram.org/bot8250421622:AAHpa6q_RMV1d3QNO4tM3YtT9h2jYJebvjw/getUpdates "HTTP/1.1 200 OK"
2026-02-03 17:43:26,359 - httpx - INFO - HTTP Request: POST https://api.telegram.org/bot8250421622:AAHpa6q_RMV1d3QNO4tM3YtT9h2jYJebvjw/getUpdates "HTTP/1.1 200 OK"
2026-02-03 17:43:36,482 - httpx - INFO - HTTP Request: POST https://api.telegram.org/bot8250421622:AAHpa6q_RMV1d3QNO4tM3YtT9h2jYJebvjw/getUpdates "HTTP/1.1 200 OK"
2026-02-03 17:43:46,619 - httpx - INFO - HTTP Request: POST https://api.telegram.org/bot8250421622:AAHpa6q_RMV1d3QNO4tM3YtT9h2jYJebvjw/getUpdates "HTTP/1.1 200 OK"
2026-02-03 17:43:56,859 - httpx - INFO - HTTP Request: POST https://api.telegram.org/bot8250421622:AAHpa6q_RMV1d3QNO4tM3YtT9h2jYJebvjw/getUpdates "HTTP/1.1 200 OK"
2026-02-03 17:44:07,205 - httpx - INFO - HTTP Request: POST https://api.telegram.org/bot8250421622:AAHpa6q_RMV1d3QNO4tM3YtT9h2jYJebvjw/getUpdates "HTTP/1.1 200 OK"
2026-02-03 17:44:17,577 - httpx - INFO - HTTP Request: POST https://api.telegram.org/bot8250421622:AAHpa6q_RMV1d3QNO4tM3YtT9h2jYJebvjw/getUpdates "HTTP/1.1 200 OK"
2026-02-03 17:44:27,722 - httpx - INFO - HTTP Request: POST https://api.telegram.org/bot8250421622:AAHpa6q_RMV1d3QNO4tM3YtT9h2jYJebvjw/getUpdates "HTTP/1.1 200 OK"
2026-02-03 17:44:37,837 - httpx - INFO - HTTP Request: POST https://api.telegram.org/bot8250421622:AAHpa6q_RMV1d3QNO4tM3YtT9h2jYJebvjw/getUpdates "HTTP/1.1 200 OK"
2026-02-03 17:44:48,061 - httpx - INFO - HTTP Request: POST https://api.telegram.org/bot8250421622:AAHpa6q_RMV1d3QNO4tM3YtT9h2jYJebvjw/getUpdates "HTTP/1.1 200 OK"
2026-02-03 17:44:58,199 - httpx - INFO - HTTP Request: POST https://api.telegram.org/bot8250421622:AAHpa6q_RMV1d3QNO4tM3YtT9h2jYJebvjw/getUpdates "HTTP/1.1 200 OK"
2026-02-03 17:45:08,433 - httpx - INFO - HTTP Request: POST https://api.telegram.org/bot8250421622:AAHpa6q_RMV1d3QNO4tM3YtT9h2jYJebvjw/getUpdates "HTTP/1.1 200 OK"
2026-02-03 17:45:18,674 - httpx - INFO - HTTP Request: POST https://api.telegram.org/bot8250421622:AAHpa6q_RMV1d3QNO4tM3YtT9h2jYJebvjw/getUpdates "HTTP/1.1 200 OK"
2026-02-03 17:45:28,891 - httpx - INFO - HTTP Request: POST https://api.telegram.org/bot8250421622:AAHpa6q_RMV1d3QNO4tM3YtT9h2jYJebvjw/getUpdates "HTTP/1.1 200 OK"
2026-02-03 17:45:39,124 - httpx - INFO - HTTP Request: POST https://api.telegram.org/bot8250421622:AAHpa6q_RMV1d3QNO4tM3YtT9h2jYJebvjw/getUpdates "HTTP/1.1 200 OK"
2026-02-03 17:45:50,823 - __main__ - INFO - Database initialized successfully
2026-02-03 17:45:50,824 - __main__ - INFO - Database initialized successfully
2026-02-03 17:45:50,826 - __main__ - INFO - Schedulers started
2026-02-03 17:45:51,678 - httpx - INFO - HTTP Request: POST https://api.telegram.org/bot8250421622:AAHpa6q_RMV1d3QNO4tM3YtT9h2jYJebvjw/getMe "HTTP/1.1 200 OK"
2026-02-03 17:45:51,917 - httpx - INFO - HTTP Request: POST https://api.telegram.org/bot8250421622:AAHpa6q_RMV1d3QNO4tM3YtT9h2jYJebvjw/deleteWebhook "HTTP/1.1 200 OK"
2026-02-03 17:45:51,925 - apscheduler.scheduler - INFO - Scheduler started
2026-02-03 17:45:51,926 - telegram.ext.Application - INFO - Application started
2026-02-03 17:45:57,346 - httpx - INFO - HTTP Request: POST https://api.telegram.org/bot8250421622:AAHpa6q_RMV1d3QNO4tM3YtT9h2jYJebvjw/getUpdates "HTTP/1.1 200 OK"
2026-02-03 17:45:57,351 - __main__ - ERROR - User add error: table users has no column named is_admin
2026-02-03 17:45:57,855 - httpx - INFO - HTTP Request: POST https://api.telegram.org/bot8250421622:AAHpa6q_RMV1d3QNO4tM3YtT9h2jYJebvjw/sendMessage "HTTP/1.1 200 OK"
2026-02-03 17:46:07,555 - httpx - INFO - HTTP Request: POST https://api.telegram.org/bot8250421622:AAHpa6q_RMV1d3QNO4tM3YtT9h2jYJebvjw/getUpdates "HTTP/1.1 200 OK"
2026-02-03 17:46:17,704 - httpx - INFO - HTTP Request: POST https://api.telegram.org/bot8250421622:AAHpa6q_RMV1d3QNO4tM3YtT9h2jYJebvjw/getUpdates "HTTP/1.1 200 OK"
2026-02-03 17:46:27,840 - httpx - INFO - HTTP Request: POST https://api.telegram.org/bot8250421622:AAHpa6q_RMV1d3QNO4tM3YtT9h2jYJebvjw/getUpdates "HTTP/1.1 200 OK"
2026-02-03 17:46:37,947 - httpx - INFO - HTTP Request: POST https://api.telegram.org/bot8250421622:AAHpa6q_RMV1d3QNO4tM3YtT9h2jYJebvjw/getUpdates "HTTP/1.1 200 OK"
2026-02-03 17:46:48,114 - httpx - INFO - HTTP Request: POST https://api.telegram.org/bot8250421622:AAHpa6q_RMV1d3QNO4tM3YtT9h2jYJebvjw/getUpdates "HTTP/1.1 200 OK"
2026-02-03 17:46:58,424 - httpx - INFO - HTTP Request: POST https://api.telegram.org/bot8250421622:AAHpa6q_RMV1d3QNO4tM3YtT9h2jYJebvjw/getUpdates "HTTP/1.1 200 OK"
2026-02-03 17:47:08,560 - httpx - INFO - HTTP Request: POST https://api.telegram.org/bot8250421622:AAHpa6q_RMV1d3QNO4tM3YtT9h2jYJebvjw/getUpdates "HTTP/1.1 200 OK"
2026-02-03 17:47:18,894 - httpx - INFO - HTTP Request: POST https://api.telegram.org/bot8250421622:AAHpa6q_RMV1d3QNO4tM3YtT9h2jYJebvjw/getUpdates "HTTP/1.1 200 OK"
2026-02-03 17:47:29,055 - httpx - INFO - HTTP Request: POST https://api.telegram.org/bot8250421622:AAHpa6q_RMV1d3QNO4tM3YtT9h2jYJebvjw/getUpdates "HTTP/1.1 200 OK"
2026-02-03 17:47:39,343 - httpx - INFO - HTTP Request: POST https://api.telegram.org/bot8250421622:AAHpa6q_RMV1d3QNO4tM3YtT9h2jYJebvjw/getUpdates "HTTP/1.1 200 OK"
2026-02-03 17:47:49,523 - httpx - INFO - HTTP Request: POST https://api.telegram.org/bot8250421622:AAHpa6q_RMV1d3QNO4tM3YtT9h2jYJebvjw/getUpdates "HTTP/1.1 200 OK"
2026-02-03 17:47:59,625 - httpx - INFO - HTTP Request: POST https://api.telegram.org/bot8250421622:AAHpa6q_RMV1d3QNO4tM3YtT9h2jYJebvjw/getUpdates "HTTP/1.1 200 OK"
2026-02-03 17:48:09,846 - httpx - INFO - HTTP Request: POST https://api.telegram.org/bot8250421622:AAHpa6q_RMV1d3QNO4tM3YtT9h2jYJebvjw/getUpdates "HTTP/1.1 200 OK"
2026-02-03 17:48:20,005 - httpx - INFO - HTTP Request: POST https://api.telegram.org/bot8250421622:AAHpa6q_RMV1d3QNO4tM3YtT9h2jYJebvjw/getUpdates "HTTP/1.1 200 OK"
2026-02-03 17:48:30,520 - httpx - INFO - HTTP Request: POST https://api.telegram.org/bot8250421622:AAHpa6q_RMV1d3QNO4tM3YtT9h2jYJebvjw/getUpdates "HTTP/1.1 200 OK"
2026-02-03 17:48:40,643 - httpx - INFO - HTTP Request: POST https://api.telegram.org/bot8250421622:AAHpa6q_RMV1d3QNO4tM3YtT9h2jYJebvjw/getUpdates "HTTP/1.1 200 OK"
2026-02-03 17:48:50,748 - httpx - INFO - HTTP Request: POST https://api.telegram.org/bot8250421622:AAHpa6q_RMV1d3QNO4tM3YtT9h2jYJebvjw/getUpdates "HTTP/1.1 200 OK"
2026-02-03 17:49:01,267 - httpx - INFO - HTTP Request: POST https://api.telegram.org/bot8250421622:AAHpa6q_RMV1d3QNO4tM3YtT9h2jYJebvjw/getUpdates "HTTP/1.1 200 OK"
2026-02-03 17:49:11,387 - httpx - INFO - HTTP Request: POST https://api.telegram.org/bot8250421622:AAHpa6q_RMV1d3QNO4tM3YtT9h2jYJebvjw/getUpdates "HTTP/1.1 200 OK"
2026-02-03 17:49:21,509 - httpx - INFO - HTTP Request: POST https://api.telegram.org/bot8250421622:AAHpa6q_RMV1d3QNO4tM3YtT9h2jYJebvjw/getUpdates "HTTP/1.1 200 OK"
2026-02-03 17:49:31,665 - httpx - INFO - HTTP Request: POST https://api.telegram.org/bot8250421622:AAHpa6q_RMV1d3QNO4tM3YtT9h2jYJebvjw/getUpdates "HTTP/1.1 200 OK"
2026-02-03 17:49:41,814 - httpx - INFO - HTTP Request: POST https://api.telegram.org/bot8250421622:AAHpa6q_RMV1d3QNO4tM3YtT9h2jYJebvjw/getUpdates "HTTP/1.1 200 OK"
2026-02-03 17:49:52,086 - httpx - INFO - HTTP Request: POST https://api.telegram.org/bot8250421622:AAHpa6q_RMV1d3QNO4tM3YtT9h2jYJebvjw/getUpdates "HTTP/1.1 200 OK"
2026-02-03 17:50:02,851 - __main__ - INFO - Database initialized successfully
2026-02-03 17:50:02,852 - __main__ - INFO - Database initialized successfully
2026-02-03 17:50:02,854 - __main__ - INFO - Schedulers started
2026-02-03 17:50:03,762 - httpx - INFO - HTTP Request: POST https://api.telegram.org/bot8250421622:AAHpa6q_RMV1d3QNO4tM3YtT9h2jYJebvjw/getMe "HTTP/1.1 200 OK"
2026-02-03 17:50:04,132 - httpx - INFO - HTTP Request: POST https://api.telegram.org/bot8250421622:AAHpa6q_RMV1d3QNO4tM3YtT9h2jYJebvjw/deleteWebhook "HTTP/1.1 200 OK"
2026-02-03 17:50:04,162 - apscheduler.scheduler - INFO - Scheduler started
2026-02-03 17:50:04,165 - telegram.ext.Application - INFO - Application started
2026-02-03 17:50:15,254 - httpx - INFO - HTTP Request: POST https://api.telegram.org/bot8250421622:AAHpa6q_RMV1d3QNO4tM3YtT9h2jYJebvjw/getUpdates "HTTP/1.1 200 OK"
2026-02-03 17:50:25,439 - httpx - INFO - HTTP Request: POST https://api.telegram.org/bot8250421622:AAHpa6q_RMV1d3QNO4tM3YtT9h2jYJebvjw/getUpdates "HTTP/1.1 200 OK"
2026-02-03 17:50:36,371 - httpx - INFO - HTTP Request: POST https://api.telegram.org/bot8250421622:AAHpa6q_RMV1d3QNO4tM3YtT9h2jYJebvjw/getUpdates "HTTP/1.1 200 OK"
2026-02-03 17:50:46,507 - httpx - INFO - HTTP Request: POST https://api.telegram.org/bot8250421622:AAHpa6q_RMV1d3QNO4tM3YtT9h2jYJebvjw/getUpdates "HTTP/1.1 200 OK"
2026-02-03 17:50:57,012 - httpx - INFO - HTTP Request: POST https://api.telegram.org/bot8250421622:AAHpa6q_RMV1d3QNO4tM3YtT9h2jYJebvjw/getUpdates "HTTP/1.1 200 OK"
2026-02-03 17:51:07,165 - httpx - INFO - HTTP Request: POST https://api.telegram.org/bot8250421622:AAHpa6q_RMV1d3QNO4tM3YtT9h2jYJebvjw/getUpdates "HTTP/1.1 200 OK"
2026-02-03 17:51:17,495 - httpx - INFO - HTTP Request: POST https://api.telegram.org/bot8250421622:AAHpa6q_RMV1d3QNO4tM3YtT9h2jYJebvjw/getUpdates "HTTP/1.1 200 OK"
2026-02-03 17:51:27,838 - httpx - INFO - HTTP Request: POST https://api.telegram.org/bot8250421622:AAHpa6q_RMV1d3QNO4tM3YtT9h2jYJebvjw/getUpdates "HTTP/1.1 200 OK"
2026-02-03 17:51:37,955 - httpx - INFO - HTTP Request: POST https://api.telegram.org/bot8250421622:AAHpa6q_RMV1d3QNO4tM3YtT9h2jYJebvjw/getUpdates "HTTP/1.1 200 OK"
2026-02-03 17:51:39,742 - httpx - INFO - HTTP Request: POST https://api.telegram.org/bot8250421622:AAHpa6q_RMV1d3QNO4tM3YtT9h2jYJebvjw/getUpdates "HTTP/1.1 200 OK"
2026-02-03 17:51:39,749 - __main__ - ERROR - User add error: table users has no column named is_admin
2026-02-03 17:51:40,798 - httpx - INFO - HTTP Request: POST https://api.telegram.org/bot8250421622:AAHpa6q_RMV1d3QNO4tM3YtT9h2jYJebvjw/sendMessage "HTTP/1.1 200 OK"
2026-02-03 17:51:44,327 - httpx - INFO - HTTP Request: POST https://api.telegram.org/bot8250421622:AAHpa6q_RMV1d3QNO4tM3YtT9h2jYJebvjw/getUpdates "HTTP/1.1 200 OK"
2026-02-03 17:51:44,784 - httpx - INFO - HTTP Request: POST https://api.telegram.org/bot8250421622:AAHpa6q_RMV1d3QNO4tM3YtT9h2jYJebvjw/sendMessage "HTTP/1.1 200 OK"
2026-02-03 17:51:46,906 - httpx - INFO - HTTP Request: POST https://api.telegram.org/bot8250421622:AAHpa6q_RMV1d3QNO4tM3YtT9h2jYJebvjw/getUpdates "HTTP/1.1 200 OK"
2026-02-03 17:51:47,321 - httpx - INFO - HTTP Request: POST https://api.telegram.org/bot8250421622:AAHpa6q_RMV1d3QNO4tM3YtT9h2jYJebvjw/sendMessage "HTTP/1.1 200 OK"
2026-02-03 17:51:57,250 - httpx - INFO - HTTP Request: POST https://api.telegram.org/bot8250421622:AAHpa6q_RMV1d3QNO4tM3YtT9h2jYJebvjw/getUpdates "HTTP/1.1 200 OK"
2026-02-03 17:52:07,624 - httpx - INFO - HTTP Request: POST https://api.telegram.org/bot8250421622:AAHpa6q_RMV1d3QNO4tM3YtT9h2jYJebvjw/getUpdates "HTTP/1.1 200 OK"
2026-02-03 17:52:17,757 - httpx - INFO - HTTP Request: POST https://api.telegram.org/bot8250421622:AAHpa6q_RMV1d3QNO4tM3YtT9h2jYJebvjw/getUpdates "HTTP/1.1 200 OK"
2026-02-03 17:52:27,882 - httpx - INFO - HTTP Request: POST https://api.telegram.org/bot8250421622:AAHpa6q_RMV1d3QNO4tM3YtT9h2jYJebvjw/getUpdates "HTTP/1.1 200 OK"
2026-02-03 17:52:38,002 - httpx - INFO - HTTP Request: POST https://api.telegram.org/bot8250421622:AAHpa6q_RMV1d3QNO4tM3YtT9h2jYJebvjw/getUpdates "HTTP/1.1 200 OK"
2026-02-03 17:52:48,304 - httpx - INFO - HTTP Request: POST https://api.telegram.org/bot8250421622:AAHpa6q_RMV1d3QNO4tM3YtT9h2jYJebvjw/getUpdates "HTTP/1.1 200 OK"
2026-02-03 17:52:58,770 - httpx - INFO - HTTP Request: POST https://api.telegram.org/bot8250421622:AAHpa6q_RMV1d3QNO4tM3YtT9h2jYJebvjw/getUpdates "HTTP/1.1 200 OK"
2026-02-03 17:53:09,134 - httpx - INFO - HTTP Request: POST https://api.telegram.org/bot8250421622:AAHpa6q_RMV1d3QNO4tM3YtT9h2jYJebvjw/getUpdates "HTTP/1.1 200 OK"
2026-02-03 17:53:19,347 - httpx - INFO - HTTP Request: POST https://api.telegram.org/bot8250421622:AAHpa6q_RMV1d3QNO4tM3YtT9h2jYJebvjw/getUpdates "HTTP/1.1 200 OK"
2026-02-03 17:53:29,468 - httpx - INFO - HTTP Request: POST https://api.telegram.org/bot8250421622:AAHpa6q_RMV1d3QNO4tM3YtT9h2jYJebvjw/getUpdates "HTTP/1.1 200 OK"
2026-02-03 17:53:39,645 - httpx - INFO - HTTP Request: POST https://api.telegram.org/bot8250421622:AAHpa6q_RMV1d3QNO4tM3YtT9h2jYJebvjw/getUpdates "HTTP/1.1 200 OK"
2026-02-03 17:53:49,868 - httpx - INFO - HTTP Request: POST https://api.telegram.org/bot8250421622:AAHpa6q_RMV1d3QNO4tM3YtT9h2jYJebvjw/getUpdates "HTTP/1.1 200 OK"
2026-02-03 17:54:00,026 - httpx - INFO - HTTP Request: POST https://api.telegram.org/bot8250421622:AAHpa6q_RMV1d3QNO4tM3YtT9h2jYJebvjw/getUpdates "HTTP/1.1 200 OK"
2026-02-03 17:54:10,249 - httpx - INFO - HTTP Request: POST https://api.telegram.org/bot8250421622:AAHpa6q_RMV1d3QNO4tM3YtT9h2jYJebvjw/getUpdates "HTTP/1.1 200 OK"
2026-02-03 17:54:20,590 - httpx - INFO - HTTP Request: POST https://api.telegram.org/bot8250421622:AAHpa6q_RMV1d3QNO4tM3YtT9h2jYJebvjw/getUpdates "HTTP/1.1 200 OK"
2026-02-03 17:54:30,832 - httpx - INFO - HTTP Request: POST https://api.telegram.org/bot8250421622:AAHpa6q_RMV1d3QNO4tM3YtT9h2jYJebvjw/getUpdates "HTTP/1.1 200 OK"
2026-02-03 17:54:41,065 - httpx - INFO - HTTP Request: POST https://api.telegram.org/bot8250421622:AAHpa6q_RMV1d3QNO4tM3YtT9h2jYJebvjw/getUpdates "HTTP/1.1 200 OK"
2026-02-03 17:54:51,176 - httpx - INFO - HTTP Request: POST https://api.telegram.org/bot8250421622:AAHpa6q_RMV1d3QNO4tM3YtT9h2jYJebvjw/getUpdates "HTTP/1.1 200 OK"
2026-02-03 17:55:01,293 - httpx - INFO - HTTP Request: POST https://api.telegram.org/bot8250421622:AAHpa6q_RMV1d3QNO4tM3YtT9h2jYJebvjw/getUpdates "HTTP/1.1 200 OK"
2026-02-03 17:55:11,402 - httpx - INFO - HTTP Request: POST https://api.telegram.org/bot8250421622:AAHpa6q_RMV1d3QNO4tM3YtT9h2jYJebvjw/getUpdates "HTTP/1.1 200 OK"
2026-02-03 17:55:21,514 - httpx - INFO - HTTP Request: POST https://api.telegram.org/bot8250421622:AAHpa6q_RMV1d3QNO4tM3YtT9h2jYJebvjw/getUpdates "HTTP/1.1 200 OK"
2026-02-03 17:55:31,690 - httpx - INFO - HTTP Request: POST https://api.telegram.org/bot8250421622:AAHpa6q_RMV1d3QNO4tM3YtT9h2jYJebvjw/getUpdates "HTTP/1.1 200 OK"
2026-02-03 17:55:42,003 - httpx - INFO - HTTP Request: POST https://api.telegram.org/bot8250421622:AAHpa6q_RMV1d3QNO4tM3YtT9h2jYJebvjw/getUpdates "HTTP/1.1 200 OK"
2026-02-03 17:55:52,235 - httpx - INFO - HTTP Request: POST https://api.telegram.org/bot8250421622:AAHpa6q_RMV1d3QNO4tM3YtT9h2jYJebvjw/getUpdates "HTTP/1.1 200 OK"
2026-02-03 17:56:02,514 - httpx - INFO - HTTP Request: POST https://api.telegram.org/bot8250421622:AAHpa6q_RMV1d3QNO4tM3YtT9h2jYJebvjw/getUpdates "HTTP/1.1 200 OK"
2026-02-03 17:56:12,714 - httpx - INFO - HTTP Request: POST https://api.telegram.org/bot8250421622:AAHpa6q_RMV1d3QNO4tM3YtT9h2jYJebvjw/getUpdates "HTTP/1.1 200 OK"
2026-02-03 17:56:23,070 - httpx - INFO - HTTP Request: POST https://api.telegram.org/bot8250421622:AAHpa6q_RMV1d3QNO4tM3YtT9h2jYJebvjw/getUpdates "HTTP/1.1 200 OK"
2026-02-03 17:56:33,361 - httpx - INFO - HTTP Request: POST https://api.telegram.org/bot8250421622:AAHpa6q_RMV1d3QNO4tM3YtT9h2jYJebvjw/getUpdates "HTTP/1.1 200 OK"
2026-02-03 17:56:43,653 - httpx - INFO - HTTP Request: POST https://api.telegram.org/bot8250421622:AAHpa6q_RMV1d3QNO4tM3YtT9h2jYJebvjw/getUpdates "HTTP/1.1 200 OK"
2026-02-03 17:56:53,985 - httpx - INFO - HTTP Request: POST https://api.telegram.org/bot8250421622:AAHpa6q_RMV1d3QNO4tM3YtT9h2jYJebvjw/getUpdates "HTTP/1.1 200 OK"
2026-02-03 17:57:04,230 - httpx - INFO - HTTP Request: POST https://api.telegram.org/bot8250421622:AAHpa6q_RMV1d3QNO4tM3YtT9h2jYJebvjw/getUpdates "HTTP/1.1 200 OK"
2026-02-03 17:57:14,486 - httpx - INFO - HTTP Request: POST https://api.telegram.org/bot8250421622:AAHpa6q_RMV1d3QNO4tM3YtT9h2jYJebvjw/getUpdates "HTTP/1.1 200 OK"
2026-02-03 17:57:24,631 - httpx - INFO - HTTP Request: POST https://api.telegram.org/bot8250421622:AAHpa6q_RMV1d3QNO4tM3YtT9h2jYJebvjw/getUpdates "HTTP/1.1 200 OK"
2026-02-03 17:57:34,819 - httpx - INFO - HTTP Request: POST https://api.telegram.org/bot8250421622:AAHpa6q_RMV1d3QNO4tM3YtT9h2jYJebvjw/getUpdates "HTTP/1.1 200 OK"
2026-02-03 17:57:45,084 - httpx - INFO - HTTP Request: POST https://api.telegram.org/bot8250421622:AAHpa6q_RMV1d3QNO4tM3YtT9h2jYJebvjw/getUpdates "HTTP/1.1 200 OK"
2026-02-03 17:57:55,223 - httpx - INFO - HTTP Request: POST https://api.telegram.org/bot8250421622:AAHpa6q_RMV1d3QNO4tM3YtT9h2jYJebvjw/getUpdates "HTTP/1.1 200 OK"
2026-02-03 17:58:05,566 - httpx - INFO - HTTP Request: POST https://api.telegram.org/bot8250421622:AAHpa6q_RMV1d3QNO4tM3YtT9h2jYJebvjw/getUpdates "HTTP/1.1 200 OK"
2026-02-03 17:58:15,784 - httpx - INFO - HTTP Request: POST https://api.telegram.org/bot8250421622:AAHpa6q_RMV1d3QNO4tM3YtT9h2jYJebvjw/getUpdates "HTTP/1.1 200 OK"
2026-02-03 17:58:25,960 - httpx - INFO - HTTP Request: POST https://api.telegram.org/bot8250421622:AAHpa6q_RMV1d3QNO4tM3YtT9h2jYJebvjw/getUpdates "HTTP/1.1 200 OK"
2026-02-03 17:58:36,169 - httpx - INFO - HTTP Request: POST https://api.telegram.org/bot8250421622:AAHpa6q_RMV1d3QNO4tM3YtT9h2jYJebvjw/getUpdates "HTTP/1.1 200 OK"
2026-02-03 17:58:46,446 - httpx - INFO - HTTP Request: POST https://api.telegram.org/bot8250421622:AAHpa6q_RMV1d3QNO4tM3YtT9h2jYJebvjw/getUpdates "HTTP/1.1 200 OK"
2026-02-03 17:58:56,687 - httpx - INFO - HTTP Request: POST https://api.telegram.org/bot8250421622:AAHpa6q_RMV1d3QNO4tM3YtT9h2jYJebvjw/getUpdates "HTTP/1.1 200 OK"
2026-02-03 17:59:06,999 - httpx - INFO - HTTP Request: POST https://api.telegram.org/bot8250421622:AAHpa6q_RMV1d3QNO4tM3YtT9h2jYJebvjw/getUpdates "HTTP/1.1 200 OK"
2026-02-03 17:59:17,243 - httpx - INFO - HTTP Request: POST https://api.telegram.org/bot8250421622:AAHpa6q_RMV1d3QNO4tM3YtT9h2jYJebvjw/getUpdates "HTTP/1.1 200 OK"
2026-02-03 17:59:27,535 - httpx - INFO - HTTP Request: POST https://api.telegram.org/bot8250421622:AAHpa6q_RMV1d3QNO4tM3YtT9h2jYJebvjw/getUpdates "HTTP/1.1 200 OK"
2026-02-03 17:59:37,768 - httpx - INFO - HTTP Request: POST https://api.telegram.org/bot8250421622:AAHpa6q_RMV1d3QNO4tM3YtT9h2jYJebvjw/getUpdates "HTTP/1.1 200 OK"
2026-02-03 17:59:48,066 - httpx - INFO - HTTP Request: POST https://api.telegram.org/bot8250421622:AAHpa6q_RMV1d3QNO4tM3YtT9h2jYJebvjw/getUpdates "HTTP/1.1 200 OK"
2026-02-03 17:59:58,226 - httpx - INFO - HTTP Request: POST https://api.telegram.org/bot8250421622:AAHpa6q_RMV1d3QNO4tM3YtT9h2jYJebvjw/getUpdates "HTTP/1.1 200 OK"
2026-02-03 18:00:08,349 - httpx - INFO - HTTP Request: POST https://api.telegram.org/bot8250421622:AAHpa6q_RMV1d3QNO4tM3YtT9h2jYJebvjw/getUpdates "HTTP/1.1 200 OK"
2026-02-03 18:00:18,587 - httpx - INFO - HTTP Request: POST https://api.telegram.org/bot8250421622:AAHpa6q_RMV1d3QNO4tM3YtT9h2jYJebvjw/getUpdates "HTTP/1.1 200 OK"
2026-02-03 18:00:28,816 - httpx - INFO - HTTP Request: POST https://api.telegram.org/bot8250421622:AAHpa6q_RMV1d3QNO4tM3YtT9h2jYJebvjw/getUpdates "HTTP/1.1 200 OK"
2026-02-03 18:00:39,070 - httpx - INFO - HTTP Request: POST https://api.telegram.org/bot8250421622:AAHpa6q_RMV1d3QNO4tM3YtT9h2jYJebvjw/getUpdates "HTTP/1.1 200 OK"
2026-02-03 18:00:49,243 - httpx - INFO - HTTP Request: POST https://api.telegram.org/bot8250421622:AAHpa6q_RMV1d3QNO4tM3YtT9h2jYJebvjw/getUpdates "HTTP/1.1 200 OK"
2026-02-03 18:00:59,393 - httpx - INFO - HTTP Request: POST https://api.telegram.org/bot8250421622:AAHpa6q_RMV1d3QNO4tM3YtT9h2jYJebvjw/getUpdates "HTTP/1.1 200 OK"
2026-02-03 18:01:09,502 - httpx - INFO - HTTP Request: POST https://api.telegram.org/bot8250421622:AAHpa6q_RMV1d3QNO4tM3YtT9h2jYJebvjw/getUpdates "HTTP/1.1 200 OK"
2026-02-03 18:01:19,742 - httpx - INFO - HTTP Request: POST https://api.telegram.org/bot8250421622:AAHpa6q_RMV1d3QNO4tM3YtT9h2jYJebvjw/getUpdates "HTTP/1.1 200 OK"
2026-02-03 18:01:29,964 - httpx - INFO - HTTP Request: POST https://api.telegram.org/bot8250421622:AAHpa6q_RMV1d3QNO4tM3YtT9h2jYJebvjw/getUpdates "HTTP/1.1 200 OK"
2026-02-03 18:01:40,353 - httpx - INFO - HTTP Request: POST https://api.telegram.org/bot8250421622:AAHpa6q_RMV1d3QNO4tM3YtT9h2jYJebvjw/getUpdates "HTTP/1.1 200 OK"
2026-02-03 18:01:50,467 - httpx - INFO - HTTP Request: POST https://api.telegram.org/bot8250421622:AAHpa6q_RMV1d3QNO4tM3YtT9h2jYJebvjw/getUpdates "HTTP/1.1 200 OK"
2026-02-03 18:02:00,686 - httpx - INFO - HTTP Request: POST https://api.telegram.org/bot8250421622:AAHpa6q_RMV1d3QNO4tM3YtT9h2jYJebvjw/getUpdates "HTTP/1.1 200 OK"
2026-02-03 18:02:10,975 - httpx - INFO - HTTP Request: POST https://api.telegram.org/bot8250421622:AAHpa6q_RMV1d3QNO4tM3YtT9h2jYJebvjw/getUpdates "HTTP/1.1 200 OK"
2026-02-03 18:02:21,098 - httpx - INFO - HTTP Request: POST https://api.telegram.org/bot8250421622:AAHpa6q_RMV1d3QNO4tM3YtT9h2jYJebvjw/getUpdates "HTTP/1.1 200 OK"
2026-02-03 18:02:31,226 - httpx - INFO - HTTP Request: POST https://api.telegram.org/bot8250421622:AAHpa6q_RMV1d3QNO4tM3YtT9h2jYJebvjw/getUpdates "HTTP/1.1 200 OK"
2026-02-03 18:02:41,395 - httpx - INFO - HTTP Request: POST https://api.telegram.org/bot8250421622:AAHpa6q_RMV1d3QNO4tM3YtT9h2jYJebvjw/getUpdates "HTTP/1.1 200 OK"
2026-02-03 18:02:51,507 - httpx - INFO - HTTP Request: POST https://api.telegram.org/bot8250421622:AAHpa6q_RMV1d3QNO4tM3YtT9h2jYJebvjw/getUpdates "HTTP/1.1 200 OK"
2026-02-03 18:03:01,636 - httpx - INFO - HTTP Request: POST https://api.telegram.org/bot8250421622:AAHpa6q_RMV1d3QNO4tM3YtT9h2jYJebvjw/getUpdates "HTTP/1.1 200 OK"
2026-02-03 18:03:11,761 - httpx - INFO - HTTP Request: POST https://api.telegram.org/bot8250421622:AAHpa6q_RMV1d3QNO4tM3YtT9h2jYJebvjw/getUpdates "HTTP/1.1 200 OK"
2026-02-03 18:03:22,335 - httpx - INFO - HTTP Request: POST https://api.telegram.org/bot8250421622:AAHpa6q_RMV1d3QNO4tM3YtT9h2jYJebvjw/getUpdates "HTTP/1.1 200 OK"
2026-02-03 18:03:32,536 - httpx - INFO - HTTP Request: POST https://api.telegram.org/bot8250421622:AAHpa6q_RMV1d3QNO4tM3YtT9h2jYJebvjw/getUpdates "HTTP/1.1 200 OK"
2026-02-03 18:03:42,776 - httpx - INFO - HTTP Request: POST https://api.telegram.org/bot8250421622:AAHpa6q_RMV1d3QNO4tM3YtT9h2jYJebvjw/getUpdates "HTTP/1.1 200 OK"
2026-02-03 18:03:53,123 - httpx - INFO - HTTP Request: POST https://api.telegram.org/bot8250421622:AAHpa6q_RMV1d3QNO4tM3YtT9h2jYJebvjw/getUpdates "HTTP/1.1 200 OK"
2026-02-03 18:04:03,258 - httpx - INFO - HTTP Request: POST https://api.telegram.org/bot8250421622:AAHpa6q_RMV1d3QNO4tM3YtT9h2jYJebvjw/getUpdates "HTTP/1.1 200 OK"
2026-02-03 18:04:13,600 - httpx - INFO - HTTP Request: POST https://api.telegram.org/bot8250421622:AAHpa6q_RMV1d3QNO4tM3YtT9h2jYJebvjw/getUpdates "HTTP/1.1 200 OK"
2026-02-03 18:04:23,738 - httpx - INFO - HTTP Request: POST https://api.telegram.org/bot8250421622:AAHpa6q_RMV1d3QNO4tM3YtT9h2jYJebvjw/getUpdates "HTTP/1.1 200 OK"
2026-02-03 18:04:33,879 - httpx - INFO - HTTP Request: POST https://api.telegram.org/bot8250421622:AAHpa6q_RMV1d3QNO4tM3YtT9h2jYJebvjw/getUpdates "HTTP/1.1 200 OK"
2026-02-03 18:04:44,110 - httpx - INFO - HTTP Request: POST https://api.telegram.org/bot8250421622:AAHpa6q_RMV1d3QNO4tM3YtT9h2jYJebvjw/getUpdates "HTTP/1.1 200 OK"
2026-02-03 18:04:54,261 - httpx - INFO - HTTP Request: POST https://api.telegram.org/bot8250421622:AAHpa6q_RMV1d3QNO4tM3YtT9h2jYJebvjw/getUpdates "HTTP/1.1 200 OK"
2026-02-03 18:05:04,367 - httpx - INFO - HTTP Request: POST https://api.telegram.org/bot8250421622:AAHpa6q_RMV1d3QNO4tM3YtT9h2jYJebvjw/getUpdates "HTTP/1.1 200 OK"
2026-02-03 18:05:14,734 - httpx - INFO - HTTP Request: POST https://api.telegram.org/bot8250421622:AAHpa6q_RMV1d3QNO4tM3YtT9h2jYJebvjw/getUpdates "HTTP/1.1 200 OK"
2026-02-03 18:05:25,015 - httpx - INFO - HTTP Request: POST https://api.telegram.org/bot8250421622:AAHpa6q_RMV1d3QNO4tM3YtT9h2jYJebvjw/getUpdates "HTTP/1.1 200 OK"
2026-02-03 18:05:35,318 - httpx - INFO - HTTP Request: POST https://api.telegram.org/bot8250421622:AAHpa6q_RMV1d3QNO4tM3YtT9h2jYJebvjw/getUpdates "HTTP/1.1 200 OK"
2026-02-03 18:05:45,866 - httpx - INFO - HTTP Request: POST https://api.telegram.org/bot8250421622:AAHpa6q_RMV1d3QNO4tM3YtT9h2jYJebvjw/getUpdates "HTTP/1.1 200 OK"
2026-02-03 18:05:57,151 - httpx - INFO - HTTP Request: POST https://api.telegram.org/bot8250421622:AAHpa6q_RMV1d3QNO4tM3YtT9h2jYJebvjw/getUpdates "HTTP/1.1 200 OK"
2026-02-03 18:06:07,291 - httpx - INFO - HTTP Request: POST https://api.telegram.org/bot8250421622:AAHpa6q_RMV1d3QNO4tM3YtT9h2jYJebvjw/getUpdates "HTTP/1.1 200 OK"
2026-02-03 18:06:17,443 - httpx - INFO - HTTP Request: POST https://api.telegram.org/bot8250421622:AAHpa6q_RMV1d3QNO4tM3YtT9h2jYJebvjw/getUpdates "HTTP/1.1 200 OK"
2026-02-03 18:06:27,638 - httpx - INFO - HTTP Request: POST https://api.telegram.org/bot8250421622:AAHpa6q_RMV1d3QNO4tM3YtT9h2jYJebvjw/getUpdates "HTTP/1.1 200 OK"
2026-02-03 18:06:37,785 - httpx - INFO - HTTP Request: POST https://api.telegram.org/bot8250421622:AAHpa6q_RMV1d3QNO4tM3YtT9h2jYJebvjw/getUpdates "HTTP/1.1 200 OK"
2026-02-03 18:06:48,024 - httpx - INFO - HTTP Request: POST https://api.telegram.org/bot8250421622:AAHpa6q_RMV1d3QNO4tM3YtT9h2jYJebvjw/getUpdates "HTTP/1.1 200 OK"
2026-02-03 18:06:59,072 - httpx - INFO - HTTP Request: POST https://api.telegram.org/bot8250421622:AAHpa6q_RMV1d3QNO4tM3YtT9h2jYJebvjw/getUpdates "HTTP/1.1 200 OK"
2026-02-03 18:07:09,258 - httpx - INFO - HTTP Request: POST https://api.telegram.org/bot8250421622:AAHpa6q_RMV1d3QNO4tM3YtT9h2jYJebvjw/getUpdates "HTTP/1.1 200 OK"
2026-02-03 18:07:19,565 - httpx - INFO - HTTP Request: POST https://api.telegram.org/bot8250421622:AAHpa6q_RMV1d3QNO4tM3YtT9h2jYJebvjw/getUpdates "HTTP/1.1 200 OK"
2026-02-03 18:07:29,783 - httpx - INFO - HTTP Request: POST https://api.telegram.org/bot8250421622:AAHpa6q_RMV1d3QNO4tM3YtT9h2jYJebvjw/getUpdates "HTTP/1.1 200 OK"
2026-02-03 18:07:32,921 - __main__ - ERROR - Scheduler error: no such table: reminders
2026-02-03 18:07:34,737 - httpx - INFO - HTTP Request: POST https://api.telegram.org/bot8250421622:AAHpa6q_RMV1d3QNO4tM3YtT9h2jYJebvjw/getUpdates "HTTP/1.1 200 OK"
2026-02-03 18:07:34,741 - telegram.ext.Application - INFO - Application is stopping. This might take a moment.
2026-02-03 18:07:34,743 - apscheduler.scheduler - INFO - Scheduler has been shut down
2026-02-03 18:07:34,768 - telegram.ext.Application - INFO - Application.stop() complete
2026-02-03 18:07:37,422 - __main__ - INFO - Database initialized successfully
2026-02-03 18:07:37,424 - __main__ - INFO - Database initialized successfully
2026-02-03 18:07:37,425 - __main__ - INFO - Schedulers started
2026-02-03 18:07:38,356 - httpx - INFO - HTTP Request: POST https://api.telegram.org/bot8250421622:AAHpa6q_RMV1d3QNO4tM3YtT9h2jYJebvjw/getMe "HTTP/1.1 200 OK"
2026-02-03 18:07:38,525 - httpx - INFO - HTTP Request: POST https://api.telegram.org/bot8250421622:AAHpa6q_RMV1d3QNO4tM3YtT9h2jYJebvjw/deleteWebhook "HTTP/1.1 200 OK"
2026-02-03 18:07:38,532 - apscheduler.scheduler - INFO - Scheduler started
2026-02-03 18:07:38,534 - telegram.ext.Application - INFO - Application started
2026-02-03 18:07:49,304 - httpx - INFO - HTTP Request: POST https://api.telegram.org/bot8250421622:AAHpa6q_RMV1d3QNO4tM3YtT9h2jYJebvjw/getUpdates "HTTP/1.1 200 OK"
2026-02-03 18:07:59,878 - httpx - INFO - HTTP Request: POST https://api.telegram.org/bot8250421622:AAHpa6q_RMV1d3QNO4tM3YtT9h2jYJebvjw/getUpdates "HTTP/1.1 200 OK"
2026-02-03 18:08:10,145 - httpx - INFO - HTTP Request: POST https://api.telegram.org/bot8250421622:AAHpa6q_RMV1d3QNO4tM3YtT9h2jYJebvjw/getUpdates "HTTP/1.1 200 OK"
2026-02-03 18:08:12,996 - httpx - INFO - HTTP Request: POST https://api.telegram.org/bot8250421622:AAHpa6q_RMV1d3QNO4tM3YtT9h2jYJebvjw/getUpdates "HTTP/1.1 200 OK"
2026-02-03 18:08:14,451 - httpx - INFO - HTTP Request: POST https://api.telegram.org/bot8250421622:AAHpa6q_RMV1d3QNO4tM3YtT9h2jYJebvjw/sendMessage "HTTP/1.1 200 OK"
2026-02-03 18:08:20,490 - httpx - INFO - HTTP Request: POST https://api.telegram.org/bot8250421622:AAHpa6q_RMV1d3QNO4tM3YtT9h2jYJebvjw/getUpdates "HTTP/1.1 200 OK"
2026-02-03 18:08:23,465 - httpx - INFO - HTTP Request: POST https://api.telegram.org/bot8250421622:AAHpa6q_RMV1d3QNO4tM3YtT9h2jYJebvjw/sendMessage "HTTP/1.1 200 OK"
2026-02-03 18:08:30,854 - httpx - INFO - HTTP Request: POST https://api.telegram.org/bot8250421622:AAHpa6q_RMV1d3QNO4tM3YtT9h2jYJebvjw/getUpdates "HTTP/1.1 200 OK"
2026-02-03 18:08:35,223 - httpx - INFO - HTTP Request: POST https://api.telegram.org/bot8250421622:AAHpa6q_RMV1d3QNO4tM3YtT9h2jYJebvjw/getUpdates "HTTP/1.1 200 OK"
2026-02-03 18:08:36,976 - httpx - INFO - HTTP Request: POST https://api.telegram.org/bot8250421622:AAHpa6q_RMV1d3QNO4tM3YtT9h2jYJebvjw/sendMessage "HTTP/1.1 200 OK"
2026-02-03 18:08:40,471 - httpx - INFO - HTTP Request: POST https://api.telegram.org/bot8250421622:AAHpa6q_RMV1d3QNO4tM3YtT9h2jYJebvjw/getUpdates "HTTP/1.1 200 OK"
2026-02-03 18:08:41,892 - httpx - INFO - HTTP Request: POST https://api.telegram.org/bot8250421622:AAHpa6q_RMV1d3QNO4tM3YtT9h2jYJebvjw/sendMessage "HTTP/1.1 200 OK"
2026-02-03 18:08:50,802 - httpx - INFO - HTTP Request: POST https://api.telegram.org/bot8250421622:AAHpa6q_RMV1d3QNO4tM3YtT9h2jYJebvjw/getUpdates "HTTP/1.1 200 OK"
2026-02-03 18:09:01,041 - httpx - INFO - HTTP Request: POST https://api.telegram.org/bot8250421622:AAHpa6q_RMV1d3QNO4tM3YtT9h2jYJebvjw/getUpdates "HTTP/1.1 200 OK"
2026-02-03 18:09:11,284 - httpx - INFO - HTTP Request: POST https://api.telegram.org/bot8250421622:AAHpa6q_RMV1d3QNO4tM3YtT9h2jYJebvjw/getUpdates "HTTP/1.1 200 OK"
2026-02-03 18:09:16,913 - httpx - INFO - HTTP Request: POST https://api.telegram.org/bot8250421622:AAHpa6q_RMV1d3QNO4tM3YtT9h2jYJebvjw/getUpdates "HTTP/1.1 200 OK"
2026-02-03 18:09:18,927 - httpx - INFO - HTTP Request: POST https://api.telegram.org/bot8250421622:AAHpa6q_RMV1d3QNO4tM3YtT9h2jYJebvjw/sendMessage "HTTP/1.1 200 OK"
2026-02-03 18:09:27,021 - httpx - INFO - HTTP Request: POST https://api.telegram.org/bot8250421622:AAHpa6q_RMV1d3QNO4tM3YtT9h2jYJebvjw/getUpdates "HTTP/1.1 200 OK"
2026-02-03 18:09:31,256 - httpx - INFO - HTTP Request: POST https://api.telegram.org/bot8250421622:AAHpa6q_RMV1d3QNO4tM3YtT9h2jYJebvjw/sendMessage "HTTP/1.1 200 OK"
2026-02-03 18:09:35,147 - httpx - INFO - HTTP Request: POST https://api.telegram.org/bot8250421622:AAHpa6q_RMV1d3QNO4tM3YtT9h2jYJebvjw/getUpdates "HTTP/1.1 200 OK"
2026-02-03 18:09:35,418 - httpx - INFO - HTTP Request: POST https://api.telegram.org/bot8250421622:AAHpa6q_RMV1d3QNO4tM3YtT9h2jYJebvjw/sendMessage "HTTP/1.1 200 OK"
2026-02-03 18:09:45,478 - httpx - INFO - HTTP Request: POST https://api.telegram.org/bot8250421622:AAHpa6q_RMV1d3QNO4tM3YtT9h2jYJebvjw/getUpdates "HTTP/1.1 200 OK"
2026-02-03 18:09:47,640 - httpx - INFO - HTTP Request: POST https://api.telegram.org/bot8250421622:AAHpa6q_RMV1d3QNO4tM3YtT9h2jYJebvjw/getUpdates "HTTP/1.1 200 OK"
2026-02-03 18:09:49,276 - httpx - INFO - HTTP Request: POST https://api.telegram.org/bot8250421622:AAHpa6q_RMV1d3QNO4tM3YtT9h2jYJebvjw/sendMessage "HTTP/1.1 200 OK"
2026-02-03 18:09:56,222 - httpx - INFO - HTTP Request: POST https://api.telegram.org/bot8250421622:AAHpa6q_RMV1d3QNO4tM3YtT9h2jYJebvjw/getUpdates "HTTP/1.1 200 OK"
2026-02-03 18:09:57,060 - httpx - INFO - HTTP Request: POST https://api.telegram.org/bot8250421622:AAHpa6q_RMV1d3QNO4tM3YtT9h2jYJebvjw/sendMessage "HTTP/1.1 200 OK"
2026-02-03 18:10:06,381 - httpx - INFO - HTTP Request: POST https://api.telegram.org/bot8250421622:AAHpa6q_RMV1d3QNO4tM3YtT9h2jYJebvjw/getUpdates "HTTP/1.1 200 OK"
2026-02-03 18:10:16,547 - httpx - INFO - HTTP Request: POST https://api.telegram.org/bot8250421622:AAHpa6q_RMV1d3QNO4tM3YtT9h2jYJebvjw/getUpdates "HTTP/1.1 200 OK"
2026-02-03 18:10:26,676 - httpx - INFO - HTTP Request: POST https://api.telegram.org/bot8250421622:AAHpa6q_RMV1d3QNO4tM3YtT9h2jYJebvjw/getUpdates "HTTP/1.1 200 OK"
2026-02-03 18:10:37,051 - httpx - INFO - HTTP Request: POST https://api.telegram.org/bot8250421622:AAHpa6q_RMV1d3QNO4tM3YtT9h2jYJebvjw/getUpdates "HTTP/1.1 200 OK"
2026-02-03 18:10:47,236 - httpx - INFO - HTTP Request: POST https://api.telegram.org/bot8250421622:AAHpa6q_RMV1d3QNO4tM3YtT9h2jYJebvjw/getUpdates "HTTP/1.1 200 OK"
2026-02-03 18:10:57,569 - httpx - INFO - HTTP Request: POST https://api.telegram.org/bot8250421622:AAHpa6q_RMV1d3QNO4tM3YtT9h2jYJebvjw/getUpdates "HTTP/1.1 200 OK"
